Sr No.,Utterance,Emotion,Sentiment,labels
1,Why do all youre coffee mugs have numbers on the bottom?,surprise,positive,"['Urgency', 'Anxiety']"
2,"Oh. Thats so Monica can keep track. That way if one on them is missing, she can be like, Wheres number 27?!",anger,negative,"['Aggression', 'Coercion']"
3,Y'know what?,neutral,neutral,['Calm']
19,"Come on, Lydia, you can do it.",neutral,neutral,['Calm']
20,Push!,joy,positive,['Calm']
21,"Push 'em out, push 'em out, harder, harder.",joy,positive,['Calm']
22,"Push 'em out, push 'em out, way out!",joy,positive,['Calm']
23,"Let's get that ball and really move, hey, hey, ho, ho.",joy,positive,['Calm']
24,"Let's  I was justyeah, right.",joy,positive,['Calm']
25,Push!,joy,positive,['Calm']
26,Push!,joy,positive,['Calm']
27,Okay.,neutral,neutral,['Calm']
28,"Ross, didn't you say that there was an elevator in here?",neutral,neutral,['Calm']
29,"Uhh, yes I did but there isn't. Okay, here we go.",sadness,negative,"['Distress', 'Helplessness']"
30,"Okay, go left. Left! Left!",surprise,negative,"['Urgency', 'Anxiety']"
31,"Okay, y'know what? There is no more left, left!",anger,negative,"['Aggression', 'Coercion']"
32,"Oh okay, lift it straight up over your head!",anger,negative,"['Aggression', 'Coercion']"
33,Straight up over your head!,anger,negative,"['Aggression', 'Coercion']"
34,You can do it!,joy,positive,['Calm']
35,You can do it!,joy,positive,['Calm']
36,Okay.,neutral,neutral,['Calm']
37,You got it?,neutral,neutral,['Calm']
38,"Oh, okay, I get it.",neutral,neutral,['Calm']
39,"No wait, look. Look! I'm sorry, it's just I've never even",fear,negative,"['Fear', 'Panic', 'Anxiety']"
40,Howard's the,neutral,neutral,['Calm']
41,"Yes but too me he's just, man.",neutral,neutral,['Calm']
42,"Okay, fine, whatever. Welcome to the building.",anger,negative,"['Aggression', 'Coercion']"
43,"Ugh, can you believe that guy!",disgust,negative,"['Aggression', 'Distress', 'Coercion']"
44,Yeah. I really like his glasses.,neutral,neutral,['Calm']
45,Ohh!,surprise,positive,"['Urgency', 'Anxiety']"
46,What?,neutral,neutral,['Calm']
47,It kicked! I think the baby kicked!,surprise,positive,"['Urgency', 'Anxiety']"
48,Oh my God!,surprise,positive,"['Urgency', 'Anxiety']"
49,"Oh no wait, oh no, the elastic on my underwear busted.",neutral,neutral,['Calm']
50,Oh my God! I overslept! I was supposed to be on the set a half an hour ago! I gotta get out of here!,fear,negative,"['Fear', 'Panic', 'Anxiety']"
51,"Oh wait, Joey, you cant go like that! You stink!",disgust,negative,"['Aggression', 'Distress', 'Coercion']"
52,"Look, I know I feel asleep before I could shower and now I dont have time!",anger,negative,"['Aggression', 'Coercion']"
53,"Theyre just ten blocks away, if I run, I can make it.",neutral,neutral,['Calm']
54,Youre coming on to the entire room!  Im Chandler.,anger,negative,"['Aggression', 'Coercion']"
55,Hi.,neutral,neutral,['Calm']
56,Hi.,neutral,neutral,['Calm']
57,You mind if I,neutral,neutral,['Calm']
58,"No, please.",neutral,neutral,['Calm']
59,"So uh, what are you in for?",neutral,neutral,['Calm']
60,I talk in my sleep.,neutral,neutral,['Calm']
61,"What a coincidence, I listen in my sleep.",neutral,neutral,['Calm']
62,So why dont you give me your number?,neutral,neutral,['Calm']
63,Previously on Friends.,neutral,neutral,['Calm']
64,I dont know exactly. Its-its sorta like wrestling.,neutral,neutral,['Calm']
65,Oh?!,surprise,negative,"['Urgency', 'Anxiety']"
66,"Yeah, but without the costumes.",neutral,neutral,['Calm']
67,Oh.,neutral,neutral,['Calm']
68,"And its not fake, its totally brutal.",neutral,neutral,['Calm']
69,"Yeah, its two guys in a ring, and the rules are: Theyre",neutral,neutral,['Calm']
70,"So you can like, bite, and pull peoples hair and stuff?",surprise,negative,"['Urgency', 'Anxiety']"
71,"Yeah, anything goes, except ah, eye gouging and fish hooking.",neutral,neutral,['Calm']
72,Whats fish hooking?,surprise,negative,"['Urgency', 'Anxiety']"
73,"Huh, whats fish hooking...   Thanks man, that would have been really hard to describe. What is that taste?",neutral,neutral,['Calm']
74,"What? My hands are totally clean, I just gave the duck a bath.",neutral,neutral,['Calm']
75,"Oh, Bob, he was nothing compared to you. I had to bite my lip to keep from screaming your name.",sadness,negative,"['Distress', 'Helplessness']"
76,"Well, that makes me feel so good.",joy,positive,['Calm']
77,It was just so awkward and bumpy.,neutral,neutral,['Calm']
78,Bumpy?,surprise,negative,"['Urgency', 'Anxiety']"
79,"Well, maybe he had some kind of uh, new, cool style, that you're not familiar with.",neutral,neutral,['Calm']
80,And uh maybe you have to get used to it.,neutral,neutral,['Calm']
81,"Well there really wasn't much time to get used to it, you know what I mean?",joy,positive,['Calm']
82,Coming through!  Oh! Coming through!  Oh! Hello! Hi!  No! Right! Coming through!,fear,negative,"['Fear', 'Panic', 'Anxiety']"
83,"Oh well, its not so bad.",neutral,neutral,['Calm']
84,"Yeah, most of the damage is pretty mostly contained in the bedrooms.",sadness,negative,"['Distress', 'Helplessness']"
85,Oh!,surprise,negative,"['Urgency', 'Anxiety']"
86,My God!,surprise,negative,"['Urgency', 'Anxiety']"
87,"Hey buddy, do you think I can borrow your uniform this Thursday?",neutral,neutral,['Calm']
88,Excuse me?,surprise,positive,"['Urgency', 'Anxiety']"
89,Joey! Hes working!  You would look,anger,negative,"['Aggression', 'Coercion']"
90,"Oh, how bad is it?",sadness,negative,"['Distress', 'Helplessness']"
91,"Oh, its bad. Its really bad. The only thing in there that isnt burned is an ass. Which I do",sadness,negative,"['Distress', 'Helplessness']"
92,Hows your room Rach?,neutral,neutral,['Calm']
93,Everythings ruined. My bed. My clothes. Look at my favorite blue sweater.,sadness,negative,"['Distress', 'Helplessness']"
94,Isnt that mine?,neutral,neutral,['Calm']
95,Fine! Im sorry for your loss!,anger,negative,"['Aggression', 'Coercion']"
96,"So uh, youre not gonna be able to live here for a while, you ladies have a place to stay?",neutral,neutral,['Calm']
97,"Wow! Oh-okay, look pal, I am",joy,positive,['Calm']
98,"Yes, they can stay with us.",neutral,neutral,['Calm']
99,Have you figured out what started the fire Mr. Fireman?,neutral,neutral,['Calm']
100,Theres just so much pressure.,anger,negative,"['Aggression', 'Coercion']"
101,"I mean no offense, but what you guys do is very different.",neutral,neutral,['Calm']
102,I dont know if youd understand.,neutral,neutral,['Calm']
103,"Yeah, none of us have to deal with pressure at our jobs.",neutral,neutral,['Calm']
104,"Well Phoebe, we gotta do something!",sadness,negative,"['Distress', 'Helplessness']"
106,I mean theres no way Joeys gonna make it in time.,fear,negative,"['Fear', 'Panic', 'Anxiety']"
107,So Im gonna go through the hotel and see if theres any other weddings going on.,neutral,neutral,['Calm']
108,Okay. Oh but dont tell them Monicas pregnant because they frown on that.,neutral,neutral,['Calm']
109,Okay.,neutral,neutral,['Calm']
111,"Whats all this about you guys fighting?! Is this really over a room?! I mean, that is so silly!",anger,negative,"['Aggression', 'Coercion']"
112,"Ross, we can handle this.",neutral,neutral,['Calm']
113,"Well, apparently not, and I cant just stand by and watch two people I care about very much be hurt over something that is so silly.",sadness,negative,"['Distress', 'Helplessness']"
114,"I mean, enough of the silliness!",anger,negative,"['Aggression', 'Coercion']"
115,"Well, why dont you tell her to stop being silly!",anger,negative,"['Aggression', 'Coercion']"
116,Okay-okay!,anger,negative,"['Aggression', 'Coercion']"
117,"Two very good points, look Ive known you both a long time, and Ive never seen either of you one/millionth as happy as youve been since youve got together.",sadness,negative,"['Distress', 'Helplessness']"
118,Do you really want to throw that all away over a room?,sadness,negative,"['Distress', 'Helplessness']"
119,That is so silly.,joy,positive,['Calm']
120,"Now wh-what is more important, love or silliness?",neutral,neutral,['Calm']
121,"Well, we are fond of the silliness, but we also have a soft spot for the love.",neutral,neutral,['Calm']
122,Love is the best medicine.,joy,positive,['Calm']
123,Thats laughter.,joy,positive,['Calm']
124,Why do you do it?,neutral,neutral,['Calm']
125,I dont know.,neutral,neutral,['Calm']
126,"Okay! All right! Now, Chandler you-you wanna live with Monica, right?",neutral,neutral,['Calm']
127,"Yeah, I do.",neutral,neutral,['Calm']
128,"And Mon, you wanna live with Chandler, dont ya?",neutral,neutral,['Calm']
129,Yes.,neutral,neutral,['Calm']
130,Good! A verbal contract is binding in the state of New York!,joy,positive,['Calm']
131,Oh.,neutral,neutral,['Calm']
132,"But I don't. Me, Phoebe.",neutral,neutral,['Calm']
133,"Well, I'm not I'm not at all surprised they feel that way.",neutral,neutral,['Calm']
134,"You're not? See, that's why you're so great!",surprise,positive,"['Urgency', 'Anxiety']"
135,"Actually it's, it's quite, y'know, typical behaviour when you have this kind of dysfunctional group dynamic.",neutral,neutral,['Calm']
136,"Y'know, this kind of co-dependant, emotionally stunted, sitting in your stupid coffee house with your stupid big cups which, I'm sorry, might as well have nipples on them, and you're like all 'Oh, define me!",anger,negative,"['Aggression', 'Coercion']"
137,Define me!,anger,negative,"['Aggression', 'Coercion']"
138,"Love me, I need love!",anger,negative,"['Aggression', 'Coercion']"
140,Have you really done this before?,surprise,positive,"['Urgency', 'Anxiety']"
141,Yeah!,joy,positive,['Calm']
142,Yeah!,joy,positive,['Calm']
143,Yeah!,joy,positive,['Calm']
144,"You just take a big, big swing.",neutral,neutral,['Calm']
145,"Now, dont hold back.",neutral,neutral,['Calm']
147,Hey!,joy,positive,['Calm']
148,Hey-hey-hey!,joy,positive,['Calm']
149,What are you doing?,neutral,neutral,['Calm']
150,Were just celebrating that Joey got his health insurance back.,joy,positive,['Calm']
151,"Oh, all right.",neutral,neutral,['Calm']
152,"Yeah! Sure! Yep!  Oh, y'know what? If I heard a shot right now, I'd throw my body on you.",joy,positive,['Calm']
153,Oh yeah? Well maybe you and I should take a walk through a bad neighborhood.,joy,positive,['Calm']
154,Okay!,joy,positive,['Calm']
156,Bye!,neutral,neutral,['Calm']
157,Bye!,neutral,neutral,['Calm']
158,Cut it out Ross! I hate to have to save your life and kick your ass in the same day!,anger,negative,"['Aggression', 'Coercion']"
159,"Hey, Joey, could you pass the cheese?",neutral,neutral,['Calm']
161,"Listen uh, Id prefer it if you didnt call me Joey.",neutral,neutral,['Calm']
162,"Since I dont know anyone here, I thought itd be cool to try out a cool work nickname.",neutral,neutral,['Calm']
163,"Hey, dragon! Heres your tips from Monday and Tuesday.",neutral,neutral,['Calm']
164,Theres like-theres like 300 bucks in this one!,surprise,negative,"['Urgency', 'Anxiety']"
165,"Yeah, people get pretty generous around the holidays. And it never hurts to wear tight trousers.",neutral,neutral,['Calm']
167,Could the waiters gather around to hear tonights specials?,neutral,neutral,['Calm']
168,"Okay, first there is a Chilean Sea Bass prepared with a Mango relish on a bagWhy is nobody writing these down?",neutral,neutral,['Calm']
169,Because we can remember them.,neutral,neutral,['Calm']
170,Because your all gonna make up fake specials and make me cook them like you did the other night?,anger,negative,"['Aggression', 'Coercion']"
171,Hey. When you guys were kids and you played,neutral,neutral,['Calm']
172,I was always Joanne.,neutral,neutral,['Calm']
173,"Question. Was ah, Egg the Gellers! the war cry of your neighbourhood?",neutral,neutral,['Calm']
174,Ewww! Oh! Its the Mattress King!,disgust,negative,"['Aggression', 'Distress', 'Coercion']"
176,Dont look honey. Change the channel! Change the channel!,disgust,negative,"['Aggression', 'Distress', 'Coercion']"
177,"Wait! Wait! I wanna see this. After I divorce him, half of that kingdom is gonna be mine.",joy,positive,['Calm']
178,What a wank!,anger,negative,"['Aggression', 'Coercion']"
179,"Oh, I cannot believe hes using our divorce to sell mattresses.",anger,negative,"['Aggression', 'Coercion']"
180,I know!,anger,negative,"['Aggression', 'Coercion']"
181,"And four ninety-nine for a pillow top queen set, who cares about the divorce, those babies will sell themselves.",anger,negative,"['Aggression', 'Coercion']"
182,And Im appalled for you by the way.,anger,negative,"['Aggression', 'Coercion']"
183,"You had to do it, didnt you? You couldnt just leave it alone.",sadness,negative,"['Distress', 'Helplessness']"
184,Four percent. Okay. I tip more than that when theres a bug in my food.,disgust,negative,"['Aggression', 'Distress', 'Coercion']"
185,"Ross, tonight was about the two of you getting along.  Oh, would you just see my chiropractor, already.",anger,negative,"['Aggression', 'Coercion']"
186,"Yeah, Im gonna go to a doctor who went to school in a mini-mall.",disgust,negative,"['Aggression', 'Distress', 'Coercion']"
187,"Hey Pheebs, what are you doing?",neutral,neutral,['Calm']
188,"Im, Im freaking out!",fear,negative,"['Fear', 'Panic', 'Anxiety']"
189,Monica kinda trusted me with something and she shouldnt have!,fear,negative,"['Fear', 'Panic', 'Anxiety']"
190,"All right, I havent lived here in a while, so I have to ask you something.",neutral,neutral,['Calm']
191,Does Monica still turn on the lights in her bedroom?,neutral,neutral,['Calm']
192,Um. yeah.,neutral,neutral,['Calm']
193,I am,neutral,neutral,['Calm']
194,"All right, look, heres the bottom line Ross, this is fixable, if we act fast, okay.",neutral,neutral,['Calm']
195,"So, Ill invite him to brunch tomorrow and you can make nice.",neutral,neutral,['Calm']
196,"Look, honey, I have tried to make nice, it doesnt work.",anger,negative,"['Aggression', 'Coercion']"
197,"Okay, look, Ross, I realise that my Father is difficult, but thats why you have got to be the bigger man here.",neutral,neutral,['Calm']
198,"Look sweetie, I could be the bigger man, I could be the biggest man, I could be a big, huge, giant man, and it still wouldnt make any difference, except that I could pick your Father up and say Like me!",anger,negative,"['Aggression', 'Coercion']"
199,Like me tiny doctor!,anger,negative,"['Aggression', 'Coercion']"
200,"Okay, well cant you just try it one more time Ross? For me? For me?",sadness,negative,"['Distress', 'Helplessness']"
201,"Rachel one brunch is not gonna solve anything. You gotta face it, okay were never gonna get along.",anger,negative,"['Aggression', 'Coercion']"
202,"Okay, well you are just gonna have too, okay.",anger,negative,"['Aggression', 'Coercion']"
203,"Because I already got a Mother and a Father who cannot stay in the same room together, okay, I dont wanna have to have a separate room for you too!",anger,negative,"['Aggression', 'Coercion']"
205,"Okay, okay, okay.  Ill get the bagels.",neutral,neutral,['Calm']
206,"Okay now Joey, y'know that since you're returning all of this stuff right after the audition you're gonna have to wear underwear?",neutral,neutral,['Calm']
207,"All right, then you'd better show me some of that too then.",neutral,neutral,['Calm']
208,"Okay, it's missing something. Ooh, I know! Umm, okay.",neutral,neutral,['Calm']
209,Really? A purse?,surprise,positive,"['Urgency', 'Anxiety']"
210,It's not a purse! It's a shoulder bag.,anger,negative,"['Aggression', 'Coercion']"
211,It looks like a women's purse.,neutral,neutral,['Calm']
212,"No Joey, look. Trust me, all the men are wearing them in the spring catalog. Look.  See look,",neutral,neutral,['Calm']
213,"See look,",neutral,neutral,['Calm']
214,Exactly! Unisex!,neutral,neutral,['Calm']
215,Maybe you need sex.,neutral,neutral,['Calm']
216,No! No Joey! U-N-I-sex.,joy,positive,['Calm']
217,"Well, I ain't gonna say no to that.",neutral,neutral,['Calm']
218,"So, um, have you told your parents?",neutral,neutral,['Calm']
219,"No, but it'll be OK, they're pretty cool, my brother's straight so. . .",neutral,neutral,['Calm']
220,Here you go.,neutral,neutral,['Calm']
221,"You know what, I just have one more question, um, if you had figured this out sooner and um, I had been around, do you think that I would have been the one who.",neutral,neutral,['Calm']
224,"no, um, I'm sorry, don't tell me, I don't think either answer would make me feel better.",sadness,negative,"['Distress', 'Helplessness']"
225,I love you Phoebe.,joy,positive,['Calm']
226,So your brother's straigh huh? Seriously.,surprise,positive,"['Urgency', 'Anxiety']"
227,Hey!,joy,positive,['Calm']
228,Hi.,neutral,neutral,['Calm']
229,"I just came over to drop offnothing. So that weekend kinda sucked, huh?",neutral,neutral,['Calm']
230,"Yeah, it did.",joy,positive,['Calm']
231,"So, I guess this is over.",sadness,negative,"['Distress', 'Helplessness']"
232,What?,neutral,neutral,['Calm']
233,"Well, y'know, you and me, it had to end sometime.",sadness,negative,"['Distress', 'Helplessness']"
234,"Why, exactly?",surprise,negative,"['Urgency', 'Anxiety']"
235,"Because of the weekend, we had a fight.",sadness,negative,"['Distress', 'Helplessness']"
236,Chandler that's crazy!,surprise,positive,"['Urgency', 'Anxiety']"
237,If you give up every time you'd have a fight with someone you'd never be with anyone longer thanOhhh!,anger,negative,"['Aggression', 'Coercion']"
238,"So, this isn't over?",neutral,neutral,['Calm']
239,You are so cute!,joy,positive,['Calm']
240,No.,joy,positive,['Calm']
241,"No, it was a fight.",neutral,neutral,['Calm']
242,You deal with it and move on!,joy,positive,['Calm']
243,It's nothing to freak out about.,neutral,neutral,['Calm']
244,Really? Okay. Great!,joy,positive,['Calm']
245,"Ohh, welcome to an adult relationship!",joy,positive,['Calm']
246,We're in a relationship?,surprise,negative,"['Urgency', 'Anxiety']"
247,I'm afraid so.,neutral,neutral,['Calm']
248,Okay.,neutral,neutral,['Calm']
249,Hi!,joy,positive,['Calm']
250,So you like the short hair better.,neutral,neutral,['Calm']
251,What? YetiI mean Danny?,neutral,neutral,['Calm']
252,Can I tell you a little secret?,neutral,neutral,['Calm']
253,Yeah!,joy,positive,['Calm']
254,I want to keep one.,neutral,neutral,['Calm']
255,"Ohh, I'm gonna be on the news!",joy,positive,['Calm']
257,What? Honey.,neutral,neutral,['Calm']
258,"Oh, I am, my side still hurts from when you crashed into me yesterday.",neutral,neutral,['Calm']
259,"Oh God, Im so sorry.",sadness,negative,"['Distress', 'Helplessness']"
260,I know.,neutral,neutral,['Calm']
261,Ow!!,anger,negative,"['Aggression', 'Coercion']"
262,Oh God!,surprise,negative,"['Urgency', 'Anxiety']"
263,"Hey, you guys! Guess what?",joy,positive,['Calm']
264,Got a job on a river boat?,neutral,neutral,['Calm']
265,"Y'know what I didnt wear this suit for a year because you hated it. Well, guess what? Youre not my girlfriend anymore so...",anger,negative,"['Aggression', 'Coercion']"
266,"Oh I see, so this suit is making a point.",neutral,neutral,['Calm']
268,"Now that youre on youre own, youre free to look as stupid as you like.",anger,negative,"['Aggression', 'Coercion']"
269,You like it right?,neutral,neutral,['Calm']
270,Oh absolutely. I like it even more on you than I did on Colonel Sanders.  Ross! Ross! Im kidding!,neutral,neutral,['Calm']
271,"Yeah, come here!",neutral,neutral,['Calm']
272,What-what was it you were gonna tell us?,neutral,neutral,['Calm']
273,Yeah. Oh! Was how you invented the cotton gin?!,neutral,neutral,['Calm']
274,"Okay, good bye!",anger,negative,"['Aggression', 'Coercion']"
275,Hey I got one! I got one!,joy,positive,['Calm']
276,Hi!,joy,positive,['Calm']
277,Hi.,neutral,neutral,['Calm']
278,"Oh uh, up or down?",neutral,neutral,['Calm']
279,Oh down please.  I-I hate to be a ball buster can I just do it?,joy,positive,['Calm']
280,Could you press up too please?,neutral,neutral,['Calm']
281,Sure! I feel so bad for you. I broke my leg once too.,sadness,negative,"['Distress', 'Helplessness']"
282,Oh yeah? Howd yours happen?,neutral,neutral,['Calm']
283,"Well, its a long story.",neutral,neutral,['Calm']
284,Its kind of embarrassing.,neutral,neutral,['Calm']
285,Lets just say there was a typographical error with a sex manual.,joy,positive,['Calm']
286,How about you?,neutral,neutral,['Calm']
287,Car accident.,sadness,negative,"['Distress', 'Helplessness']"
289,"Oh, let me guess some idiot on a cell phone wasnt paying attention?",neutral,neutral,['Calm']
290,"Yeah. Me.  Oh hey, thats me.  Hey uh, I take it youre just visiting someone.",neutral,neutral,['Calm']
291,"Uh-huh, yeah.",neutral,neutral,['Calm']
292,"Well umm, if you have sometime yknow and maybe you might want to visit someone else",neutral,neutral,['Calm']
293,Oh yeah! I-I would like that.,joy,positive,['Calm']
295,Wait! What?! No!! Elevator!! No!,anger,negative,"['Aggression', 'Coercion']"
296,"Uh, you gotta press the button.",neutral,neutral,['Calm']
297,"Oh we did, and you still have all your lamps.",neutral,neutral,['Calm']
298,"Oh, I didn't factor in the room tax.",surprise,negative,"['Urgency', 'Anxiety']"
299,"Oh dude, don't worry about it, I found an unattended maid's car.    We're way ahead of the game.",neutral,neutral,['Calm']
300,Oh my god.,surprise,positive,"['Urgency', 'Anxiety']"
301,What?,surprise,positive,"['Urgency', 'Anxiety']"
302,There's something new in the bowl.,surprise,positive,"['Urgency', 'Anxiety']"
303,"Look, we have enough, just walk away.",fear,negative,"['Fear', 'Panic', 'Anxiety']"
304,"No, but I want...I want the pinecones!",joy,positive,['Calm']
305,There's a forest right outside.,neutral,neutral,['Calm']
306,It's not the same.,neutral,neutral,['Calm']
307,"Ok, go quick!",fear,negative,"['Fear', 'Panic', 'Anxiety']"
308,Thank you for a delightful stay.,joy,positive,['Calm']
309,"Oh, my maple candy!",joy,positive,['Calm']
310,"Oh my God, what happened?",surprise,negative,"['Urgency', 'Anxiety']"
311,"Oh. God, crazy Chandler. He spun me...off...the...bed!",joy,positive,['Calm']
312,Wow! Spinning that sounds like fun.,joy,positive,['Calm']
313,"Oh,  I wish. No, you know he was just trying Ross's Hug and Roll thing.",joy,positive,['Calm']
314,Ross's what?,surprise,positive,"['Urgency', 'Anxiety']"
315,"You know what, where he hugs you and kinda rolls you away and... Oh... my....God.",disgust,negative,"['Aggression', 'Distress', 'Coercion']"
316,"Whoops.  Oh, hey, do you need help with that?",neutral,neutral,['Calm']
317,"Yes!! Yes! Yes! Yes!! Thats my Dad, thats Frank! Yeah! Im sorry Im getting all flingy.",surprise,positive,"['Urgency', 'Anxiety']"
318,"Take it easy--if you want, theres cookies on the counter, or, or--sangria!  I can make sangria!",joy,positive,['Calm']
319,"No-no, sorry. Cookies are good, thanks.",neutral,neutral,['Calm']
320,Oh.,neutral,neutral,['Calm']
321,"Well, so, umm, anyway umm, Ive been, Ive been looking for my Father, and umm, have you heard from him, or seen him?",neutral,neutral,['Calm']
322,"Oh no, I-Im sorry, I guess we lost track of everybody after high school.",sadness,negative,"['Distress', 'Helplessness']"
323,"Oh, okay. Well, so tell me everything about my parents. Everything.",neutral,neutral,['Calm']
324,"Ohh, well. Y'know we were always together, in fact the had a nickname for the three of us.",neutral,neutral,['Calm']
325,"Oh, what? What was it?",surprise,positive,"['Urgency', 'Anxiety']"
326,The three losers.,sadness,negative,"['Distress', 'Helplessness']"
327,"Oh, poor Lily.",sadness,negative,"['Distress', 'Helplessness']"
328,"Ohh, y'know I-I heard about what happened, that must have been just terrible for you, losing your mother that way.",sadness,negative,"['Distress', 'Helplessness']"
329,"Yeah, no, it was great.",joy,positive,['Calm']
330,"Well, alright, we already tried feeding her, changing her,  burping her, oh try this one!",sadness,negative,"['Distress', 'Helplessness']"
331,Go back in time and listen to Phoebe!,anger,negative,"['Aggression', 'Coercion']"
332,"Alright here’s something, it says to try holding the baby  close to your body and then swing her rapidly from side to side.",neutral,neutral,['Calm']
333,Ok.,neutral,neutral,['Calm']
334,It worked!,surprise,positive,"['Urgency', 'Anxiety']"
335,Oh  oh no just stopped to throw up a little bit.,sadness,negative,"['Distress', 'Helplessness']"
336,"Oh come on, what am I gonna do, its been hours and it  won’t stop crying.",sadness,negative,"['Distress', 'Helplessness']"
337,"Umm, she Rach, not it, she.",neutral,neutral,['Calm']
338,"Yeah, I’m not so sure.",neutral,neutral,['Calm']
339,"Oh my god, I am losing my mind.",anger,negative,"['Aggression', 'Coercion']"
340,"Yeah, no kidding, this just proves no good can come from  having sex with Ross!",anger,negative,"['Aggression', 'Coercion']"
341,"Well, youre not.",neutral,neutral,['Calm']
342,"Oh, its so easy for you I mean, youre not married, you get to have sex with who ever you want!",disgust,negative,"['Aggression', 'Distress', 'Coercion']"
343,"Yeah I can!  And dont think I dont, because I do! I mean all the time, you betcha!",joy,positive,['Calm']
344,"Monica. Youve, youve done it right?",surprise,positive,"['Urgency', 'Anxiety']"
345,"Of course I have! What do you think, Im some 30 year old virgin?",anger,negative,"['Aggression', 'Coercion']"
346,Oh my God! Youre a 30 year old virgin!,surprise,negative,"['Urgency', 'Anxiety']"
347,"Say it louder, I dont think the guy all the way in the back heard you!",disgust,negative,"['Aggression', 'Distress', 'Coercion']"
348,"Its not like, I havent any opportunities.",anger,negative,"['Aggression', 'Coercion']"
349,"I mean, yknow, Im just waiting for the perfect guy.",neutral,neutral,['Calm']
350,"Im seeing this guy Roger, all right?",neutral,neutral,['Calm']
351,"Hes not perfect, but umm, I think maybe I should just get it over with.",neutral,neutral,['Calm']
352,"Yknow, give him my flower.",neutral,neutral,['Calm']
353,"Oh my God!! Do it!! Honey, youve waited",surprise,negative,"['Urgency', 'Anxiety']"
354,Yknow what? You are right?!,surprise,positive,"['Urgency', 'Anxiety']"
356,I mean sex does not have to be a big deal!,anger,negative,"['Aggression', 'Coercion']"
357,There shouldnt be all this rules and restrictions!,anger,negative,"['Aggression', 'Coercion']"
358,"Yknow, people should be able to sleep with who ever they want, whenever",neutral,neutral,['Calm']
359,Rachel! Im never gonna think its okay for you to cheat on your husband!,anger,negative,"['Aggression', 'Coercion']"
360,Oh what do you know? Virgin!,anger,negative,"['Aggression', 'Coercion']"
361,"Push, push!",neutral,neutral,['Calm']
362,We're here!,joy,positive,['Calm']
363,Where have you been?,neutral,neutral,['Calm']
364,"Long story, honey.",neutral,neutral,['Calm']
365,"All right, Carol, I need you to keep pushing. I need Excuse me, could I have this?",neutral,neutral,['Calm']
366,C'mon up.,neutral,neutral,['Calm']
367,Behind my brother's back?  ... is exactly the kind of crazy thing you won't be hearing from me.,anger,negative,"['Aggression', 'Coercion']"
368,"So, I hear, you hate me!",anger,negative,"['Aggression', 'Coercion']"
369,"I, ah, I never said hate, I was very careful about that.",neutral,neutral,['Calm']
370,A little birdie told me something about you wanting to rip your arm off and throw it at me.,anger,negative,"['Aggression', 'Coercion']"
371,And you got a 'hate' from that?! Your taking a big leap there...,fear,negative,"['Fear', 'Panic', 'Anxiety']"
372,"All right, fine, fine, fine, fine, fine, we've got to do something about our little situation here Joey.",anger,negative,"['Aggression', 'Coercion']"
373,"So, this is my idea: you and me spending some quality time together.",neutral,neutral,['Calm']
374,But what does that gonna do...,anger,negative,"['Aggression', 'Coercion']"
375,For Chandler!,anger,negative,"['Aggression', 'Coercion']"
376,"Guess what, I got an audition!",joy,positive,['Calm']
377,"Awww, one of my students got an audition. Im so proud.",joy,positive,['Calm']
378,I was wondering if you would consider coaching me for it?,neutral,neutral,['Calm']
379,You bet! Whats the part?,joy,positive,['Calm']
380,"Oh its great, its a role on",joy,positive,['Calm']
381,"Hi!  Hi!  Hi. Has umm, anyone seen Chandler?",neutral,neutral,['Calm']
382,I thought he was with you.,neutral,neutral,['Calm']
383,"He-he was with me umm, were playing a little game, yknow? Hide and seek.",neutral,neutral,['Calm']
384,"You cant ask us son, thats cheating.",neutral,neutral,['Calm']
385,"Youre right, thanks for keeping me honest dad.",neutral,neutral,['Calm']
386,"Well, he better not come by here. He cant see the bride in the wedding dress.",neutral,neutral,['Calm']
387,"As I recall when we got married, I saw the groom in the wedding dress.",joy,positive,['Calm']
388,"But that was after the wedding, its not bad luck then.",neutral,neutral,['Calm']
389,"Honey, it isnt good luck.",neutral,neutral,['Calm']
390,Oh my God! Monica!,surprise,positive,"['Urgency', 'Anxiety']"
391,"I know! Hey, hows Chandler doin?",neutral,neutral,['Calm']
392,Great. Hes doing great. Dont you worry about Chandler.,neutral,neutral,['Calm']
395,Yeah baby!,joy,positive,['Calm']
396,"Im really glad you guys are okay but, I just keep thinking what would happen if-if you two  actually had hooked up.",neutral,neutral,['Calm']
397,"So, we did okay at the strip club, right?",neutral,neutral,['Calm']
398,"Oh yeah, that was great. Thanks to you, the hottest cocktail waitress there is quitting to teach the third grade!",anger,negative,"['Aggression', 'Coercion']"
399,I cant believe it! He still hasnt called.,anger,negative,"['Aggression', 'Coercion']"
400,"Who, Josh?",surprise,negative,"['Urgency', 'Anxiety']"
401,Its Joshua.,anger,negative,"['Aggression', 'Coercion']"
402,"What, he doesnt like Josh?",surprise,negative,"['Urgency', 'Anxiety']"
403,"No, I dont.",disgust,negative,"['Aggression', 'Distress', 'Coercion']"
404,"All right, well Im gonna put my sweats back on.",neutral,neutral,['Calm']
405,Oh no!,surprise,negative,"['Urgency', 'Anxiety']"
407,Wait!,surprise,negative,"['Urgency', 'Anxiety']"
408,"Okay, yknow what, you were right, you were right.",sadness,negative,"['Distress', 'Helplessness']"
409,"We really werent great at being guys, but you know why?",sadness,negative,"['Distress', 'Helplessness']"
410,Because were girls.,neutral,neutral,['Calm']
412,"Thank you, thanks.",joy,positive,['Calm']
413,"Yeah, I lost it.",sadness,negative,"['Distress', 'Helplessness']"
414,"Yknow, Im not gonna play anymore,  would you, can you finish my set?",neutral,neutral,['Calm']
415,"After that? Yeah! No, I mean if I can help.",surprise,positive,"['Urgency', 'Anxiety']"
416,"Yeah, like I could",neutral,neutral,['Calm']
417,What?,surprise,positive,"['Urgency', 'Anxiety']"
418,I played bad on purpose guys.,joy,positive,['Calm']
419,"Okay, so you were trying to play bad this whole time.",surprise,positive,"['Urgency', 'Anxiety']"
420,"Yeahno, just that last song.",neutral,neutral,['Calm']
421,"Oh, I was thinking about having people over for the game.",neutral,neutral,['Calm']
422,"Oh yeah, whos playing?",neutral,neutral,['Calm']
423,The players.,neutral,neutral,['Calm']
424,Somebody seems to be missing being the hostess.,neutral,neutral,['Calm']
425,"Please, its a relief is what it is, is what it is.",neutral,neutral,['Calm']
426,"All right Pheebs, stick out your plate!",neutral,neutral,['Calm']
427,Oh.,neutral,neutral,['Calm']
432,Whose is it?,neutral,neutral,['Calm']
433,I dont want to say.,neutral,neutral,['Calm']
434,"Oh, come on! I dont care! Come on! Whose is it?",joy,positive,['Calm']
435,Diane Keaton.,neutral,neutral,['Calm']
436,Phoebe! Come on! Lets go!  Come on!  Why arent you dressed yet?!,anger,negative,"['Aggression', 'Coercion']"
437,"Im sorry, but I just wrote the best dance song for your wedding. Check this out.",neutral,neutral,['Calm']
438,"No, Phoebe, Ill tell you what, if you get ready now Ill let you play it at the wedding.",neutral,neutral,['Calm']
439,Really?!,surprise,positive,"['Urgency', 'Anxiety']"
440,Oh thats so exciting!,joy,positive,['Calm']
442,Thanks Mon!,joy,positive,['Calm']
443,"Oh but Mon, if you touch my guitar again Ill have to pound on you for a little bit.",anger,negative,"['Aggression', 'Coercion']"
444,"Fair enough, now go get ready!",neutral,neutral,['Calm']
446,"Ill get everybody else , finally we can start celebrating my Im sorry, uh apparently Ive opened the door to the past.",neutral,neutral,['Calm']
447,"My best shoes, so good to me.",joy,positive,['Calm']
448,I wear them everyday.,joy,positive,['Calm']
449,"Down at the heel, holes in the toes.",joy,positive,['Calm']
450,Dont care what people say.,joy,positive,['Calm']
451,"My feets best friends, pals to the end.",joy,positive,['Calm']
452,With them Im one hot chicky.,joy,positive,['Calm']
453,"Though late one night, not much light, I....",neutral,neutral,['Calm']
454,I stepped in something icky.,joy,positive,['Calm']
455,"Sticky shoes, sticky shoes, always make me smile. Sticky shoes, sticky shoes, next time Ill.... avoid the..... pillleeeee.",joy,positive,['Calm']
456,"God, its gonna so weird like when I come home and youre not here.",sadness,negative,"['Distress', 'Helplessness']"
458,No more Joey and Chans.,sadness,negative,"['Distress', 'Helplessness']"
459,No more J and Cs.,sadness,negative,"['Distress', 'Helplessness']"
460,"""You wanna go over to Joey and Chandlers?""",neutral,neutral,['Calm']
461,"""Cant, its not there.""",neutral,neutral,['Calm']
462,"Look, Im just gonna be across the hall, we can still do all the same stuff.",neutral,neutral,['Calm']
463,Yeah but we wont be able to like get up in the middle of the night and have those long talks about our feelings and the future.,sadness,negative,"['Distress', 'Helplessness']"
464,Not once did we do that.,neutral,neutral,['Calm']
465,Hi.,neutral,neutral,['Calm']
466,Hey!,neutral,neutral,['Calm']
467,Hi.,neutral,neutral,['Calm']
468,"So I, I told Rachel it was just gonna be the two of us.",neutral,neutral,['Calm']
469,"Oh yeah? Well, howd she take it?",neutral,neutral,['Calm']
470,"Really well. Yeah. Surprisingly well. Yeah, she didnt cry. She wasnt angry or sad.",neutral,neutral,['Calm']
473,"Okay, if you need the vacuum, its in my closet on the left-hand side. Ah, the garbage bags are next to the refrigerator",neutral,neutral,['Calm']
474,"Okay, okay, but Rachels gonna be here too, cant I just ask her this stuff?",neutral,neutral,['Calm']
475,"Yeah, okay, give that a try!",neutral,neutral,['Calm']
476,All right! Lets do it!,joy,positive,['Calm']
477,Woo-hoo!!,joy,positive,['Calm']
478,"Yeah, cheerie-o!",joy,positive,['Calm']
479,London baby!,joy,positive,['Calm']
480,Hi!,joy,positive,['Calm']
481,Hi!,joy,positive,['Calm']
482,Monica? What time is it?,neutral,neutral,['Calm']
483,"Uhh, 9.",neutral,neutral,['Calm']
484,But it's dark out.,neutral,neutral,['Calm']
485,"Well that's because you always sleep to noon, silly! This is what 9 looks like.",neutral,neutral,['Calm']
486,I guess I'll get washed up then. Watch that sunrise.,neutral,neutral,['Calm']
487,I'm,neutral,neutral,['Calm']
488,"I know, me too.",neutral,neutral,['Calm']
489,Hey!,joy,positive,['Calm']
490,Y'know what if we went away for a whole weekend?,neutral,neutral,['Calm']
491,Y'know we'd have no interruptions and we could be naked the entire time.,joy,positive,['Calm']
492,All weekend? That's a whole lotta naked.,surprise,positive,"['Urgency', 'Anxiety']"
493,"Yeah, I can say that I have a conference and you can say you have a chef thing.",neutral,neutral,['Calm']
494,"Ohh, I've always wanted to go to this culinary fair that they have in Jersey!",joy,positive,['Calm']
495,"Okay, y'know your not though. Let's go.",neutral,neutral,['Calm']
496,Wait! What about Joey?,neutral,neutral,['Calm']
497,"Oh umm, theres also a book here by a woman named Wendy Bagina.  What is that?",neutral,neutral,['Calm']
498,Sounds like two people are really enjoying the Dewey decimal system.,neutral,neutral,['Calm']
499,Im so sorry!,fear,negative,"['Fear', 'Panic', 'Anxiety']"
501,You didnt bring,neutral,neutral,['Calm']
502,Hey!,joy,positive,['Calm']
503,Hi!,joy,positive,['Calm']
504,"Oh you know uh Kash, really liked you the other day. He said he thought you were charming.",neutral,neutral,['Calm']
505,Okay I-I just have to stop by my place first.,neutral,neutral,['Calm']
506,"To tape the game? You do this every time Ross, youre",disgust,negative,"['Aggression', 'Distress', 'Coercion']"
507,"No-no, I-I have to see if this apartment became available.",neutral,neutral,['Calm']
508,"Oh, youre switching apartments?",surprise,negative,"['Urgency', 'Anxiety']"
509,"Its not for me, its for Rachel.",neutral,neutral,['Calm']
510,But Rachel has an apartment.,neutral,neutral,['Calm']
511,"Yeah, but when the baby comes shes gonna want to move.",neutral,neutral,['Calm']
512,She is?,surprise,negative,"['Urgency', 'Anxiety']"
513,"Yeah, you didnt expect her to live there with a baby did you?",surprise,negative,"['Urgency', 'Anxiety']"
514,I guess I didnt really think about it.,neutral,neutral,['Calm']
515,Ezel!  Hey Gunther! Youre an ezel!,anger,negative,"['Aggression', 'Coercion']"
516,Damnit!,anger,negative,"['Aggression', 'Coercion']"
517,Look what I got! Look what I got! Look what I got!  Can you believe they make these for little people?,surprise,positive,"['Urgency', 'Anxiety']"
518,Little village people.,neutral,neutral,['Calm']
519,"Okay, look at this one. This is my favourite.",joy,positive,['Calm']
520,"Oh, that is so sweet!",joy,positive,['Calm']
521,I know! Phoebe is gonna love dressing them in these!,joy,positive,['Calm']
522,"Huh. Except, Phoebes not gonna be the one that gets to dress them.",neutral,neutral,['Calm']
523,Because shes not gonna get to keep the babies.,sadness,negative,"['Distress', 'Helplessness']"
524,Oh my God! We are throwing the most depressing baby shower ever!,sadness,negative,"['Distress', 'Helplessness']"
525,Wait a minute!,surprise,positive,"['Urgency', 'Anxiety']"
526,"Unless, we give her all gifts she can use after shes done being pregnant.",joy,positive,['Calm']
527,"Like-like umm, regular coffee, Tequila.",neutral,neutral,['Calm']
528,"Oh, and somebody can get those leather pants shes always wanted!",joy,positive,['Calm']
529,"Oh, shes gonna love that!",joy,positive,['Calm']
530,Okay you two are asking the court for an annulment?,neutral,neutral,['Calm']
531,"Yes your honor, and here are, are forms, all filled out.",neutral,neutral,['Calm']
532,So based on your petition you are seeking an annulment on the grounds that Mr. Geller is mentally unstable.,neutral,neutral,['Calm']
533,"Fine, Im mentally unstable.",anger,negative,"['Aggression', 'Coercion']"
534,And based on the fact that Mr. Geller is intravenous drug user.,neutral,neutral,['Calm']
535,What?!,surprise,negative,"['Urgency', 'Anxiety']"
536,"Uh yes, heroin and crack.",neutral,neutral,['Calm']
537,Crack isnt even an intravenous drug!,anger,negative,"['Aggression', 'Coercion']"
538,"Well, you would know.",neutral,neutral,['Calm']
539,Now it also says here that you lied about your sexual preference before marriage?,neutral,neutral,['Calm']
540,"Oh, come on!",sadness,negative,"['Distress', 'Helplessness']"
541,"Ross, please, I found the magazines!",sadness,negative,"['Distress', 'Helplessness']"
543,Phoebe just because I'm alone doesnt mean I wanna walk around naked.,neutral,neutral,['Calm']
544,"I mean, you live alone, you don't walk around naked.",neutral,neutral,['Calm']
545,Uh-huh! Why do you think it takes me so long to answer the door?,joy,positive,['Calm']
546,"I know, I lied! I didnt want her to think I was a terrible mother! I cant even see my own baby!",sadness,negative,"['Distress', 'Helplessness']"
547,"Oh sure, come here!  Sure you can! Uh, look come here look,  its-its-its, its right there .",neutral,neutral,['Calm']
548,"Oh. Oh, its beautiful. I see it now.",joy,positive,['Calm']
549,Do you really?,neutral,neutral,['Calm']
550,"No, I dont see it!",anger,negative,"['Aggression', 'Coercion']"
551,"Come on! Come on! Here, okay-okay, you see this?  This tiny thing that looks like a peanut?",joy,positive,['Calm']
552,Yeah.,neutral,neutral,['Calm']
553,Sweetie thats it.,joy,positive,['Calm']
554,"Thats it? Well I saw that! Ohh-ohh-oh, thank you.",joy,positive,['Calm']
555,Youre welcome.,neutral,neutral,['Calm']
556,Wow! I cant believe thats our baby.,surprise,positive,"['Urgency', 'Anxiety']"
557,"Yeah, thats our baby.",joy,positive,['Calm']
558,Gin.,neutral,neutral,['Calm']
559,"We were playing Gin? Y'know if we were a couple, we could play this game naked.",joy,positive,['Calm']
560,Will you stop!,joy,positive,['Calm']
561,Okay. All right.,neutral,neutral,['Calm']
562,"Okay, all right, I think youre great, I think youre sweet, and youre smart, and I love you.",joy,positive,['Calm']
563,But you will always be the guy who peed on me.,disgust,negative,"['Aggression', 'Distress', 'Coercion']"
564,Hey!,joy,positive,['Calm']
565,Hey!,joy,positive,['Calm']
566,Let me tell you about this chick I scored with last night! Oh no wait a minute that was you!,joy,positive,['Calm']
567,"Hey, check me out, Im a slut!",joy,positive,['Calm']
568,"So you uh, want to do something tonight?",neutral,neutral,['Calm']
569,Oh I cant. Dr. Roger is coming over again.,neutral,neutral,['Calm']
570,Oh.,neutral,neutral,['Calm']
571,Oh right!,surprise,positive,"['Urgency', 'Anxiety']"
572,Right!,surprise,positive,"['Urgency', 'Anxiety']"
573,"Because youre still seeing him and uh, hes a good guy.",sadness,negative,"['Distress', 'Helplessness']"
574,"I mean, I remember a time when",sadness,negative,"['Distress', 'Helplessness']"
575,Are you okay?,neutral,neutral,['Calm']
576,"Yeah! Totally! Totally, and you?",joy,positive,['Calm']
577,"Great! Its so amazing! I mean, last time Dr. Roger came over, I was",joy,positive,['Calm']
578,I bet he can.,neutral,neutral,['Calm']
579,"Yknow, I dont have an appointment, but I sure could use a physical.  Are you sure youre okay?",neutral,neutral,['Calm']
580,"Oh yeah! Yeah! Dont worry about me, Ill be fine!",sadness,negative,"['Distress', 'Helplessness']"
581,You got the clothes clean. Now that's the important part.,neutral,neutral,['Calm']
582,"Oh, I guess. Except everything looks like jammies now.",neutral,neutral,['Calm']
583,"Whoa, I'm sorry. Excuse me. We had this cart.",anger,negative,"['Aggression', 'Coercion']"
584,"Yeah, but what if it's not? What if there    is a reason why we can't have a baby?",fear,negative,"['Fear', 'Panic', 'Anxiety']"
585,"Oh, Chandler, look. You and Monica are meant to have children.    I am sure it's gonna be just fine.",neutral,neutral,['Calm']
586,"oh, oh, yeah, ok, thanks.",joy,positive,['Calm']
587,I can't believe    I didn't even think of that.,surprise,positive,"['Urgency', 'Anxiety']"
588,I guess I was just so worried about having to...    come here and do... 'that'...,sadness,negative,"['Distress', 'Helplessness']"
589,"What, you can do it in the parking lot of a Taco Bell, but you    can't do it at a doctor's office?",anger,negative,"['Aggression', 'Coercion']"
590,"It was a ""Wendy's!!    """,anger,negative,"['Aggression', 'Coercion']"
591,"...and then Zana, just let one rip!!",surprise,positive,"['Urgency', 'Anxiety']"
592,"Look, not that I enjoy talking about people who I went to high school with, cause I do, but umm, maybe we could talk about something else?",disgust,negative,"['Aggression', 'Distress', 'Coercion']"
593,"Like you, I dont even know where you work?",surprise,positive,"['Urgency', 'Anxiety']"
594,Yeah.,neutral,neutral,['Calm']
595,"Yeah. Well, I think our second fight is going to be a",anger,negative,"['Aggression', 'Coercion']"
596,Hey.,neutral,neutral,['Calm']
597,Hey!,neutral,neutral,['Calm']
598,"So, you stole my joke, and you stole my money.",anger,negative,"['Aggression', 'Coercion']"
599,"Well, I was going to stick it in the ATM, but now I think Ill show the sexy teller that I am a published writer.",neutral,neutral,['Calm']
600,"Well, she is going to know that you stole the joke.",anger,negative,"['Aggression', 'Coercion']"
601,"Oh, what are you going to do, follow me down there?",anger,negative,"['Aggression', 'Coercion']"
602,Yeah!,anger,negative,"['Aggression', 'Coercion']"
603,"Well, Im not going to go now anyway .",neutral,neutral,['Calm']
604,Okay .,neutral,neutral,['Calm']
605,Here you go.,neutral,neutral,['Calm']
606,"Ah, Gunther, I cant pay for this right now because Im not working, so Ive had to cut down on some luxuries like uh, payin for stuff.",neutral,neutral,['Calm']
607,"Well, if you want, you can work here.",neutral,neutral,['Calm']
608,"Uh, I dont know.",neutral,neutral,['Calm']
609,"Ya see, its just, see I was a regular on a soap opera yknow?",neutral,neutral,['Calm']
610,"And to go from that to this, I just Plus, Id have to wait on all my friends.",sadness,negative,"['Distress', 'Helplessness']"
611,"Okay, but the moneys good, plus you get to stare at Rachel as much as you want.",neutral,neutral,['Calm']
612,What?!,surprise,negative,"['Urgency', 'Anxiety']"
613,Flexible hours.,neutral,neutral,['Calm']
614,Maybe I could be a waiter. Could I use the phone?,neutral,neutral,['Calm']
615,I have no name.,neutral,neutral,['Calm']
616,"All right, so, what are we supposed to call you?",neutral,neutral,['Calm']
617,"Okay uh, for now, temporarily, you can call me, Clint.",neutral,neutral,['Calm']
618,No way are you cool enough to pull of Clint.,disgust,negative,"['Aggression', 'Distress', 'Coercion']"
619,"Okay, so what name am I cool enough to pull off?",surprise,negative,"['Urgency', 'Anxiety']"
620,"Umm, Gene.",neutral,neutral,['Calm']
621,Its Clint. Its Clint!,anger,negative,"['Aggression', 'Coercion']"
622,"See you later, Gene.",neutral,neutral,['Calm']
623,"Bye, Gene.",neutral,neutral,['Calm']
624,Its Clint!,anger,negative,"['Aggression', 'Coercion']"
625,Whats up with Gene?,surprise,negative,"['Urgency', 'Anxiety']"
626,Welcome to Las Vegas.,neutral,neutral,['Calm']
627,Thank you!  Enjoy your flight?,joy,positive,['Calm']
628,"Yes, I did. Thank you very much, it was excellent.",joy,positive,['Calm']
629,Hope you had a nice flight.,neutral,neutral,['Calm']
630,"Ohh, it was the best!",joy,positive,['Calm']
631,"Oh, Larry.",neutral,neutral,['Calm']
632,"Umm, do health inspectors work on commission?",neutral,neutral,['Calm']
633,"No, bribes.",neutral,neutral,['Calm']
634,It's okay to laugh right?,joy,positive,['Calm']
635,Come on Joey!!!,anger,negative,"['Aggression', 'Coercion']"
636,"Rach, I told you everything I knew last night!",anger,negative,"['Aggression', 'Coercion']"
637,"Look, it's not that big of a deal, so Monica and Chandler are doing it.",neutral,neutral,['Calm']
638,I can't believe you would say that!,sadness,negative,"['Distress', 'Helplessness']"
639,Sorry. Monica and Chandler are making love.,neutral,neutral,['Calm']
640,No! I mean come on! This is a,anger,negative,"['Aggression', 'Coercion']"
641,I don't know.,neutral,neutral,['Calm']
642,Is he romantic with her?,joy,positive,['Calm']
643,I don't know.,neutral,neutral,['Calm']
644,Are they in love?,joy,positive,['Calm']
645,I don't know.,neutral,neutral,['Calm']
646,You don't know anything.,anger,negative,"['Aggression', 'Coercion']"
647,"Ohh, I know one thing!",joy,positive,['Calm']
648,What?,joy,positive,['Calm']
649,They did it right there on the couch.,neutral,neutral,['Calm']
650,"Excuse me, look, we've been here for over an hour, and a lot of people less sick than my friend have gone in.",anger,negative,"['Aggression', 'Coercion']"
651,"I mean, that guy with the toe thing?",anger,negative,"['Aggression', 'Coercion']"
652,Who's he sleeping with?,neutral,neutral,['Calm']
653,"Oh, c'mon Dora, don't be mad...",neutral,neutral,['Calm']
654,"I know we both said some things we didn't mean, but that doesn't mean we still don't love each other.",neutral,neutral,['Calm']
655,"Y'know, I feel like I've lost her..  Ba-!",joy,positive,['Calm']
656,"So you see, Molly, what people don't understand is that acting    is a discipline. It takes a lot of hard work.",neutral,neutral,['Calm']
657,So where did you study?,neutral,neutral,['Calm']
658,"Oh, I didn't go to college.",neutral,neutral,['Calm']
659,"No, where did you study acting?",neutral,neutral,['Calm']
660,Molly ... people don't study acting ...,neutral,neutral,['Calm']
661,"Molly, ah, do you mind giving us just a minute?",neutral,neutral,['Calm']
662,"Sure, I'll go check on Emma.",neutral,neutral,['Calm']
663,Thanx.,neutral,neutral,['Calm']
664,Will the stable boy never get the princess??,sadness,negative,"['Distress', 'Helplessness']"
665,"What do you think you're gonna do, have sex with her right here    on my couch?",disgust,negative,"['Aggression', 'Distress', 'Coercion']"
666,No ... the leather sticks to my ass.,disgust,negative,"['Aggression', 'Distress', 'Coercion']"
667,"You know, this isn't fair.",anger,negative,"['Aggression', 'Coercion']"
668,What makes you think that I'm just gonna sleep with her and then blow her off?,anger,negative,"['Aggression', 'Coercion']"
669,Huh?,anger,negative,"['Aggression', 'Coercion']"
670,"Can't you guys open your minds to the possibility that I actally like her,    and might want something real?",anger,negative,"['Aggression', 'Coercion']"
671,"Look, the truth is, I haven't felt this    way about anyone since Rachel, ok?",sadness,negative,"['Distress', 'Helplessness']"
672,I didn't think I could ever love again.,sadness,negative,"['Distress', 'Helplessness']"
673,Come on! Joe!,joy,positive,['Calm']
675,"Hi, is Molly here?",neutral,neutral,['Calm']
676,"Yeah, come on in. Molly?",neutral,neutral,['Calm']
677,"Hey! Guys, this is Tabatha .  I'll see you tomorrow.",neutral,neutral,['Calm']
678,"Ok ...  Well, uh, Joey, I guess    we have no problem.",neutral,neutral,['Calm']
679,"It's like my favorite fairy tale come true!  The princess, the stable boy and the lesbian!",joy,positive,['Calm']
680,"And whats cool is, the character is from Naples, right?",joy,positive,['Calm']
681,Yeah.,neutral,neutral,['Calm']
682,My whole familys from Naples!,joy,positive,['Calm']
683,"Oh thats great! Okay, well Ive heard everything I need to hear. I just need to uh, Leslie",surprise,positive,"['Urgency', 'Anxiety']"
684,"Joey, this is the awkward part.",joy,positive,['Calm']
685,Oh!,surprise,positive,"['Urgency', 'Anxiety']"
686,Hey right!,surprise,positive,"['Urgency', 'Anxiety']"
687,Not a problem.,neutral,neutral,['Calm']
688,I totally understand.,neutral,neutral,['Calm']
689,You need to yknow make sure I dont have any horrible scars or tattoos.,neutral,neutral,['Calm']
690,Dont you worry. I have nothing to hide.,neutral,neutral,['Calm']
691,"So there you go, thats me.",neutral,neutral,['Calm']
692,One hundred percent natural!,joy,positive,['Calm']
693,"I tell ya, that has never happened before.",fear,negative,"['Fear', 'Panic', 'Anxiety']"
694,This rooms available.,neutral,neutral,['Calm']
695,Okay!,joy,positive,['Calm']
696,Okay wait!,anger,negative,"['Aggression', 'Coercion']"
697,You listen to me!,anger,negative,"['Aggression', 'Coercion']"
698,You listen to me!,anger,negative,"['Aggression', 'Coercion']"
699,"Since I have been waiting four women, thats four, one higher than the number of centimeters that I am dilated, have come and gone with their babies!",anger,negative,"['Aggression', 'Coercion']"
700,Im next!,anger,negative,"['Aggression', 'Coercion']"
701,Its my turn!,anger,negative,"['Aggression', 'Coercion']"
702,Its only fair!,anger,negative,"['Aggression', 'Coercion']"
703,And if you bring in one woman and she has her baby before me Im going to sue you!,anger,negative,"['Aggression', 'Coercion']"
704,"Not this hospital, Im going to sue you!",anger,negative,"['Aggression', 'Coercion']"
705,And my husband  hes a lawyer!,anger,negative,"['Aggression', 'Coercion']"
706,Uh Rach,neutral,neutral,['Calm']
707,Go get back on that case honey!,anger,negative,"['Aggression', 'Coercion']"
708,I dont think the next patient is very far along.,neutral,neutral,['Calm']
709,"Okay, well then bring her in.",neutral,neutral,['Calm']
710,OH.MY.GAWD!!!,surprise,positive,"['Urgency', 'Anxiety']"
711,"Ross-Ross-Ross-Ross! Stay away from that guy , and that guy . And that oneDude! Theyre all huge!",fear,negative,"['Fear', 'Panic', 'Anxiety']"
712,They dont look any bigger than me!,neutral,neutral,['Calm']
713,"Well, maybe thats because youre closer to you. So you look bigger to you from where you are.",anger,negative,"['Aggression', 'Coercion']"
714,Im just going to say hi to the lads. All right?,neutral,neutral,['Calm']
715,All right.,neutral,neutral,['Calm']
716,Okay.,neutral,neutral,['Calm']
717,Hi.,neutral,neutral,['Calm']
718,Whoa!  I kinda liked it.,joy,positive,['Calm']
719,"Okay, I know what I have to do. Ive got to go Red Ross.  Yknow, Red Ross!",anger,negative,"['Aggression', 'Coercion']"
720,I totally dont know what youre talking about.,neutral,neutral,['Calm']
721,Come on! The time we were all waiting in line for,anger,negative,"['Aggression', 'Coercion']"
722,Y'know you guys were a lot more supportive when I wanted to make denim furniture.,joy,positive,['Calm']
723,"No, Pheebs, listen, if you decide to do this, well be supportive like crazy.",neutral,neutral,['Calm']
725,We just want you to think it through.,neutral,neutral,['Calm']
726,"Yeah, honey, maybe you can talk to somebody whos had a baby. Like your mom?",neutral,neutral,['Calm']
727,My mom never gave birth. Oh! But my birth mom did.,neutral,neutral,['Calm']
728,"Umm, thank you for meeting with me.",neutral,neutral,['Calm']
729,Thank you. All right.,neutral,neutral,['Calm']
730,"Come, sit.",neutral,neutral,['Calm']
731,Sit.,neutral,neutral,['Calm']
732,Sit!,anger,negative,"['Aggression', 'Coercion']"
733,"Umm, all righty, before we get started I justI need you to state for the official record that you are in fact Frank Buffay.",neutral,neutral,['Calm']
734,Lucky sixes....,neutral,neutral,['Calm']
735,"Everybody, this is Paolo. Paolo, I want you to meet my friends. This is Monica.",neutral,neutral,['Calm']
736,Hi!,neutral,neutral,['Calm']
737,And Joey....,neutral,neutral,['Calm']
738,Hi!,neutral,neutral,['Calm']
739,And Ross.,neutral,neutral,['Calm']
740,Hi!,neutral,neutral,['Calm']
741,He doesn't speak much English.,neutral,neutral,['Calm']
742,Look at that!,surprise,positive,"['Urgency', 'Anxiety']"
743,"So, um... where did Paolo come from?",neutral,neutral,['Calm']
744,"Oh... Italy, I think.",neutral,neutral,['Calm']
745,"No, I mean tonight, in the building. Suddenly. Into our lives.",neutral,neutral,['Calm']
746,"Well, the cat... the cat turned out to be Paolo's cat!",neutral,neutral,['Calm']
747,"That, that is funny... .... and Rachel keeps touching him.",neutral,neutral,['Calm']
748,Alright. I looked all over the building and I couldn't find the kitty anywhere.,neutral,neutral,['Calm']
749,"Oh, I found him. He was Paolo's cat.",neutral,neutral,['Calm']
750,Ah! Well! There you go! Last to know again! And I'm guessing... since nobody told me... this is Paolo.,joy,positive,['Calm']
751,"Ah, Paolo, this is Phoebe.",neutral,neutral,['Calm']
752,You betcha!,joy,positive,['Calm']
753,"Okay, where in the hell did you get that?!",surprise,negative,"['Urgency', 'Anxiety']"
754,"When Mom and Dad drove you to the hospital to get your nose fixed, I swam into the lake and fished it out.",neutral,neutral,['Calm']
755,That cup is mine!,anger,negative,"['Aggression', 'Coercion']"
756,"No its not! You want it, youre gonna have to win it!",anger,negative,"['Aggression', 'Coercion']"
757,"All right, so are we not having dinner at all?",sadness,negative,"['Distress', 'Helplessness']"
758,Why?,sadness,negative,"['Distress', 'Helplessness']"
759,Because I don't work at the Szechwan Dragon.,neutral,neutral,['Calm']
761,"You really, really need to get some sleep, honey.",neutral,neutral,['Calm']
762,I know I do.,neutral,neutral,['Calm']
763,Hi.,neutral,neutral,['Calm']
764,Hi.,neutral,neutral,['Calm']
765,Guess what?,neutral,neutral,['Calm']
767,They published my paper.,joy,positive,['Calm']
768,"Oh, really, let me see, let me see.",joy,positive,['Calm']
769,"Rach, look!  Oh, hi! Where is my strong Ross Skywalker to come rescue me.  There he is.",joy,positive,['Calm']
771,"You know what this is, this is us getting ready for the prom.",neutral,neutral,['Calm']
772,Oh.,neutral,neutral,['Calm']
773,What?! You got us evicted!!,anger,negative,"['Aggression', 'Coercion']"
774,I told you not to go down there!,anger,negative,"['Aggression', 'Coercion']"
775,Well he made Rachel cry!,disgust,negative,"['Aggression', 'Distress', 'Coercion']"
776,Rachel always cries!,anger,negative,"['Aggression', 'Coercion']"
777,Thats not true!,anger,negative,"['Aggression', 'Coercion']"
778,"Now Joey, you go down there and you suck up to him. I mean you suck like youve never sucked before!",neutral,neutral,['Calm']
779,"All right! Ill try! But if I cant, you can stay with Chandler and I until you get settled.",neutral,neutral,['Calm']
780,Go!!,anger,negative,"['Aggression', 'Coercion']"
781,"All right, all right, all right.",neutral,neutral,['Calm']
782,"I mean Ill have to check with him first, but Ill think hell be cool with it.",neutral,neutral,['Calm']
783,"So, hes just a nice guy. You really think this Mark doesnt want anything in exchange for helping him?",joy,positive,['Calm']
784,"Well, I assume Ill have to take showers with him, but y'know, thats true of any job.",neutral,neutral,['Calm']
785,How ya feelin?,neutral,neutral,['Calm']
786,"Well, my apartment isnt there anymore, because I drank it.",neutral,neutral,['Calm']
787,Whered you get too? We lost you after you opened up all the presents.,neutral,neutral,['Calm']
788,Yeah.,neutral,neutral,['Calm']
789,"Yeah, I ended up in the storage room, and not alone.",neutral,neutral,['Calm']
790,Woooo hoooo!!!,joy,positive,['Calm']
791,"Ow, no woo-hooing, no woo-hooing.",anger,negative,"['Aggression', 'Coercion']"
792,"Why, what happened?",surprise,negative,"['Urgency', 'Anxiety']"
793,"Ah, I fooled around with Joeys sister.  Well, thats not the worst part.",sadness,negative,"['Distress', 'Helplessness']"
794,What is the worse part?,neutral,neutral,['Calm']
795,I cant remember which sister.,sadness,negative,"['Distress', 'Helplessness']"
796,You see what men do! Dont tell me men are not nice!  This is men!!,anger,negative,"['Aggression', 'Coercion']"
797,Whats wrong with you?,anger,negative,"['Aggression', 'Coercion']"
798,Nothing!,anger,negative,"['Aggression', 'Coercion']"
799,"Well, I-I got this blinding pain in my stomach when I was lifting weights before, then I uh passed out and uh, havent been able to stand up since.",sadness,negative,"['Distress', 'Helplessness']"
800,"But um, I dont think its anything serious.",neutral,neutral,['Calm']
801,This sounds like a hernia. You have toyou-youGo to the doctor!,surprise,negative,"['Urgency', 'Anxiety']"
802,No way!,anger,negative,"['Aggression', 'Coercion']"
803,"Kay look, if I have to go to the doctor for anything its gonna be for this thing sticking out of my stomach!",anger,negative,"['Aggression', 'Coercion']"
804,Why did I have to start working out again?,disgust,negative,"['Aggression', 'Distress', 'Coercion']"
805,Damn you 15s!,anger,negative,"['Aggression', 'Coercion']"
806,Its a trifle.,neutral,neutral,['Calm']
807,Its got all of these layers.,neutral,neutral,['Calm']
808,"First theres a layer of ladyfingers, then a layer of jam, then custard, which I made from scratch.",neutral,neutral,['Calm']
809,"[Joey and Ross make impressed faces] Then raspberries, more ladyfingers, then beef sautéed with peas and onions, [Joey and Ross look like somethings wrong.]",neutral,neutral,['Calm']
810,"then a little more custard, and then bananas, and then I just put some whipped cream on top!",neutral,neutral,['Calm']
811,It tastes like feet!,disgust,negative,"['Aggression', 'Distress', 'Coercion']"
812,I like it.,joy,positive,['Calm']
813,Are you kidding?,surprise,negative,"['Urgency', 'Anxiety']"
814,Does anyone else think David Copperfield is cute?,neutral,neutral,['Calm']
815,"No, but he told me, he thinks your a fox.",neutral,neutral,['Calm']
816,"Welcome everybody, welcome to Amazing Discoveries!",joy,positive,['Calm']
817,"Oh, oh! It's on again!",joy,positive,['Calm']
818,"You guys, can we please not watch this all right.",disgust,negative,"['Aggression', 'Distress', 'Coercion']"
819,Shhhh!,anger,negative,"['Aggression', 'Coercion']"
820,"Folks, has this ever happened to you.",neutral,neutral,['Calm']
821,"You go to the refrigerator to get a nice glass of milk,  and these darn cartons are so flingin'-flangin' hard to open.",neutral,neutral,['Calm']
822,"Oh, you said it Mike.  Aw! There's got to be a better way!",anger,negative,"['Aggression', 'Coercion']"
823,And there is Kevin.,neutral,neutral,['Calm']
824,Can we please turn this off?,sadness,negative,"['Distress', 'Helplessness']"
825,"Noo way, Kevin.",joy,positive,['Calm']
826,There is a revolutionary new product that guarantees that you'll never have to open up milk cartons again. Meet the Milk Master 2000.,neutral,neutral,['Calm']
827,Are you intrigued?,surprise,positive,"['Urgency', 'Anxiety']"
828,You're flingin'-flangin' right I am!,joy,positive,['Calm']
829,"Keep in mind, he's never used this product before, you're gonna see how easy this is to do.",neutral,neutral,['Calm']
830,Go ahead.,neutral,neutral,['Calm']
831,This works with any milk carton.,neutral,neutral,['Calm']
832,"Wow, it is easy.  Now, I can have milk everyday.",surprise,positive,"['Urgency', 'Anxiety']"
833,"Well, you might want to tell him it sounds like his wife is  gay.",neutral,neutral,['Calm']
834,She is not  Shes gay. Oh my God. She is,anger,negative,"['Aggression', 'Coercion']"
835,Good day for married people huh?,surprise,negative,"['Urgency', 'Anxiety']"
836,Im sorry your husband cheated on you.,sadness,negative,"['Distress', 'Helplessness']"
837,Im sorry your wife is gay. I guess women arent that great either.,sadness,negative,"['Distress', 'Helplessness']"
838,Try telling my wife that.,sadness,negative,"['Distress', 'Helplessness']"
839,"Hey Ross, will you pass me that knife?",neutral,neutral,['Calm']
840,I can't wait to be with you!,joy,positive,['Calm']
841,I'll sneak over as soon as Ross picks up Ben.,neutral,neutral,['Calm']
842,I'll just tell Rachel I'm gonna be doing laundry for a couple of hours.,neutral,neutral,['Calm']
843,Laundry. Huh. Is that my new nickname?,joy,positive,['Calm']
844,"Awww, y'know what your nickname is, Mr. Big",joy,positive,['Calm']
845,Arghh!!,disgust,negative,"['Aggression', 'Distress', 'Coercion']"
846,I cant believe Im going to lose this job!,sadness,negative,"['Distress', 'Helplessness']"
847,Oh Im so sorry man! Is there anything I can do?,sadness,negative,"['Distress', 'Helplessness']"
848,Yeah! Help me get this mini-fridge past the security guard.,neutral,neutral,['Calm']
849,"Hey Joey, I want to talk to you.",neutral,neutral,['Calm']
850,Yeah?,neutral,neutral,['Calm']
854,"Oh, Chandler, Wayne.",neutral,neutral,['Calm']
855,"Wayne, Chandler.",neutral,neutral,['Calm']
856,"Hi, how are ya?",neutral,neutral,['Calm']
857,"Joey, Joey, I-I-Ill g-get you your job back if you help me out.",neutral,neutral,['Calm']
858,Why should I help you?!,anger,negative,"['Aggression', 'Coercion']"
859,The reason he just said.,neutral,neutral,['Calm']
860,What do you need?,neutral,neutral,['Calm']
861,"I-I-I saw you on stage talking to that beautiful woman, yknow Sarah?",neutral,neutral,['Calm']
862,What?,surprise,negative,"['Urgency', 'Anxiety']"
863,And I too am just a love machine.,neutral,neutral,['Calm']
864,"Ross, let me show you where the guest room is.",neutral,neutral,['Calm']
865,"Oh, I thought this was your party and it turns out its a party for Howard. He's just the sweetest little man!",surprise,positive,"['Urgency', 'Anxiety']"
866,"See ya Phoebe! Oh and hey, thanks for chipping in!",joy,positive,['Calm']
867,You chipped in?!,surprise,positive,"['Urgency', 'Anxiety']"
868,"Yeah, uh-huh, a 100 dollars.",neutral,neutral,['Calm']
869,Phoebe! I can't believe you gave them money! I thought you agreed it was totally unreasonable that they asked me for that money!,surprise,negative,"['Urgency', 'Anxiety']"
870,"Yeah, but they didn't ask me!",anger,negative,"['Aggression', 'Coercion']"
871,Y'know?,neutral,neutral,['Calm']
872,"This way I'm just y'know, the exotic, generous stranger.",joy,positive,['Calm']
873,That's always fun to be.,joy,positive,['Calm']
874,"Yeah, but you're making me look bad!",anger,negative,"['Aggression', 'Coercion']"
875,No I'm not.,neutral,neutral,['Calm']
876,No!,surprise,positive,"['Urgency', 'Anxiety']"
877,If anything I'm making you look better!,joy,positive,['Calm']
878,They'll see you talking to me and that's--I'm a hit!,joy,positive,['Calm']
879,"Oh hey, Pheebs!",joy,positive,['Calm']
880,Hey!,joy,positive,['Calm']
881,"Oh hey, Ross.",neutral,neutral,['Calm']
882,"Umm, see, I was thinking maybe you two could switch apartments because Phoebe's more our kind of people.",fear,negative,"['Fear', 'Panic', 'Anxiety']"
883,Something to think about.,neutral,neutral,['Calm']
884,"Yeah, okay, my bad.",joy,positive,['Calm']
886,Here. I need to borrow some moisturizer.,neutral,neutral,['Calm']
887,For what?,neutral,neutral,['Calm']
888,Whaddya think? Today's the big day!,joy,positive,['Calm']
889,"Oh my God. Okay, go into the bathroom, use whatever you want, just don't ever tell me what you did in there.",disgust,negative,"['Aggression', 'Distress', 'Coercion']"
890,Thank you!,joy,positive,['Calm']
891,Where's Joey? His mom's on the phone.,neutral,neutral,['Calm']
892,He's in the bathroom. I don't think you wanna go in there!,anger,negative,"['Aggression', 'Coercion']"
893,"C'mon, we're roommates!  My eyes!! My eyes!!",disgust,negative,"['Aggression', 'Distress', 'Coercion']"
894,I warned you...,neutral,neutral,['Calm']
895,Who is being loud?,anger,negative,"['Aggression', 'Coercion']"
896,"Oh, that would be Monica.",neutral,neutral,['Calm']
897,"Hey, listen, I wanna borrow a coupla things, Aurora spent the night, I really wanna make her breakfast.",neutral,neutral,['Calm']
898,"Oh, you got the whole night, huh?",surprise,positive,"['Urgency', 'Anxiety']"
899,"Yeah, well, I only have twenty minutes until Ethan, so, y'know..",neutral,neutral,['Calm']
900,"Ooh, do I sense a little bit of resentment?",surprise,negative,"['Urgency', 'Anxiety']"
901,"No, no resentment, believe me, it's worth it.",neutral,neutral,['Calm']
902,'Kay?,neutral,neutral,['Calm']
903,Y'know in a relationship you have these key moments that you know you'll remember for the rest of your life?,neutral,neutral,['Calm']
904,"Well, every- single- second is like that with Aurora.. and I've just wasted about thirty-five of them talking to you people, so, uh.. Monica, can you help me with the door?",neutral,neutral,['Calm']
906,"Oh, um, Chandler?",neutral,neutral,['Calm']
907,"Y'know, the-the old Monica would-would remind you to scrub that Teflon pan with a plastic brush...But I'm not gonna do that.",neutral,neutral,['Calm']
908,"Hey Monica, it's Joey!",joy,positive,['Calm']
909,"Hey Joey! Aww, you remembered even though you're a big star!",joy,positive,['Calm']
910,"Aw, come on! It'll be years before I forget you!",neutral,neutral,['Calm']
911,"Joey, what's it like on a movie set, huh?",neutral,neutral,['Calm']
912,Do you have a dressing room?,neutral,neutral,['Calm']
913,Do you have a chair with your name on it?,neutral,neutral,['Calm']
914,"Uh, well yeah-yeah, I've got all of that going on.",neutral,neutral,['Calm']
915,"Yeah, listen uh, I want you to make sure you tell Chandler that he couldn't have been more wrong!",neutral,neutral,['Calm']
916,Uh-oh!,fear,negative,"['Fear', 'Panic', 'Anxiety']"
917,"I gotta go Monica, my uh, my sushi's here!",neutral,neutral,['Calm']
918,Sorry about that. Thanks for waitin'.,neutral,neutral,['Calm']
919,"Everybody smile!  Okay, thanks a lot! Enjoy your stay at",joy,positive,['Calm']
920,"Wow, this is so cool, you guys. The entire city is blacked out!",surprise,positive,"['Urgency', 'Anxiety']"
921,"Mom says it's all of Manhattan, parts of Brooklyn and Queens, and they have no idea when it's coming back on.",anger,negative,"['Aggression', 'Coercion']"
922,"Wow, you guys, this is big.",surprise,positive,"['Urgency', 'Anxiety']"
923,Pants and a sweater?,anger,negative,"['Aggression', 'Coercion']"
924,"Why, mom?",anger,negative,"['Aggression', 'Coercion']"
925,Who am I gonna meet in a blackout?,anger,negative,"['Aggression', 'Coercion']"
926,Power company guys?,anger,negative,"['Aggression', 'Coercion']"
927,Eligible looters?,anger,negative,"['Aggression', 'Coercion']"
928,Could we talk about this later?,anger,negative,"['Aggression', 'Coercion']"
929,OK.,neutral,neutral,['Calm']
930,Can I borrow the phone? I want to call my apartment and check on my grandma.  What's my number?,neutral,neutral,['Calm']
931,"Well, I never call",neutral,neutral,['Calm']
932,What cha doing?,neutral,neutral,['Calm']
933,Having a swim.,neutral,neutral,['Calm']
934,What about the chick?,neutral,neutral,['Calm']
935,Chicks dont swim.,neutral,neutral,['Calm']
936,Are you sure?,neutral,neutral,['Calm']
937,I dont know. Should we try it?,neutral,neutral,['Calm']
938,Sure.,neutral,neutral,['Calm']
939,"See, I told you they dont swim.",neutral,neutral,['Calm']
940,Wait. Give him a minute.,neutral,neutral,['Calm']
941,"Noo!  Oh, its okay, its okay, baby, baby, baby.",fear,negative,"['Fear', 'Panic', 'Anxiety']"
942,"Me taking care of you is no problem, huh?",neutral,neutral,['Calm']
943,You guys feel safe.,neutral,neutral,['Calm']
944,Right?,neutral,neutral,['Calm']
945,"Okay, Im gonna take that spit bubble as, ""Yeah, I do!""",neutral,neutral,['Calm']
946,"Okay, after I get rid of this dirty diaper Leslie, Ill set you up with a clean one.",neutral,neutral,['Calm']
947,"Okay, Im sorry.",sadness,negative,"['Distress', 'Helplessness']"
948,I didnt mean to scare you.,sadness,negative,"['Distress', 'Helplessness']"
949,I just have to clean that up.,neutral,neutral,['Calm']
950,Okay?,neutral,neutral,['Calm']
951,"Cause lets face it, were at Monicas.",neutral,neutral,['Calm']
952,I broke it.,sadness,negative,"['Distress', 'Helplessness']"
953,All right.,neutral,neutral,['Calm']
954,"Well, thats just the way that goes.",neutral,neutral,['Calm']
955,"Okay, good.",neutral,neutral,['Calm']
956,Why are there only two of you?,fear,negative,"['Fear', 'Panic', 'Anxiety']"
957,Where is Leslie?,fear,negative,"['Fear', 'Panic', 'Anxiety']"
958,"Well, you cant answer.",neutral,neutral,['Calm']
959,Leslie?,neutral,neutral,['Calm']
960,Where are you Leslie?,fear,negative,"['Fear', 'Panic', 'Anxiety']"
961,"Leslie, now would be a",sadness,negative,"['Distress', 'Helplessness']"
962,Hey!,joy,positive,['Calm']
963,Hey.,neutral,neutral,['Calm']
964,"Hey, why are you mopping your ceiling?",sadness,negative,"['Distress', 'Helplessness']"
965,"Oh, theres banana on it.",neutral,neutral,['Calm']
966,You said she was bald.,anger,negative,"['Aggression', 'Coercion']"
967,"Yeah, she was bald, shes not now.",neutral,neutral,['Calm']
968,How could you not tell me that she has hair?,surprise,negative,"['Urgency', 'Anxiety']"
969,"I dont know, I hardly ever say that about people.",neutral,neutral,['Calm']
970,"Ohh, well, this is just perfect!",anger,negative,"['Aggression', 'Coercion']"
971,"Well Im sorry, I thought you said it was okay.",sadness,negative,"['Distress', 'Helplessness']"
972,"Yeah, I said what was okay when I thought she was some weird bald chick. I mean, y'know, that girl has hair got",anger,negative,"['Aggression', 'Coercion']"
973,"Well, maybe it wont work out. Maybe Ross wont like her personality.",sadness,negative,"['Distress', 'Helplessness']"
974,"Why, does she have a bad personality?",neutral,neutral,['Calm']
975,"Oh no, Bonnies the best!",joy,positive,['Calm']
976,Hey!,joy,positive,['Calm']
977,Hey.,neutral,neutral,['Calm']
978,"Do you have a minute? Id like to talk to you about something Im, Im really uncomfortable talking about.",fear,negative,"['Fear', 'Panic', 'Anxiety']"
979,"Sure. What? About uh, you showering with your mom?",surprise,negative,"['Urgency', 'Anxiety']"
980,"I actually had a topic in mind! Im, Im kinda going through a dry spell, sex wise.",anger,negative,"['Aggression', 'Coercion']"
981,"Whoa, for like months?",surprise,positive,"['Urgency', 'Anxiety']"
982,"Excellent! Excellent! And uh, finally, are you into any weird stuff yknow, sexually?",joy,positive,['Calm']
983,No!,surprise,negative,"['Urgency', 'Anxiety']"
984,"Oooh, wrong answer.",neutral,neutral,['Calm']
985,"Ow! My ass. Okay. Okay.  Oh, shhh!",anger,negative,"['Aggression', 'Coercion']"
986,No! No!! Its me! Its me! I-I didnt want to make any noise!,fear,negative,"['Fear', 'Panic', 'Anxiety']"
987,Then don't break in!!,anger,negative,"['Aggression', 'Coercion']"
988,"Oh yeah, Smokey Joe here got half way to the highway and collapsed.",anger,negative,"['Aggression', 'Coercion']"
989,I have the lung capacity of a two year old.,neutral,neutral,['Calm']
990,Then why are you smoking?,disgust,negative,"['Aggression', 'Distress', 'Coercion']"
991,Well its very unsettling.,sadness,negative,"['Distress', 'Helplessness']"
992,"Honey, I was wondering....",neutral,neutral,['Calm']
993,Hmm?,neutral,neutral,['Calm']
994,"Do you still have that, um, Navy uniform?",joy,positive,['Calm']
995,"Nooo, I had to return it to the costume place.",sadness,negative,"['Distress', 'Helplessness']"
996,Hmm.,neutral,neutral,['Calm']
997,I think I have an old band uniform from high school.,joy,positive,['Calm']
998,"You remember not having sex in high school, right?",sadness,negative,"['Distress', 'Helplessness']"
999,Yeah.,sadness,negative,"['Distress', 'Helplessness']"
1000,"Well honey, what about you?",neutral,neutral,['Calm']
1001,What?,neutral,neutral,['Calm']
1002,"I mean do you have any fun, you know, fantasy type things?",neutral,neutral,['Calm']
1003,No.,neutral,neutral,['Calm']
1004,Come on you gotta have one!,surprise,positive,"['Urgency', 'Anxiety']"
1005,Ugh!,disgust,negative,"['Aggression', 'Distress', 'Coercion']"
1008,"I mean if you buy a bed from Janices ex-husband, thats like betraying Chandler.",anger,negative,"['Aggression', 'Coercion']"
1009,Not at these prices.,anger,negative,"['Aggression', 'Coercion']"
1010,Hi. Y'know in England this car would be on the other side of the store.  Woo!,joy,positive,['Calm']
1011,"Oh! Ohhhhh! Oh! Phoebe, come here. Aw, this is my new bed. You gotta feel this bad boy.",joy,positive,['Calm']
1012,"Eh, Monica it, it feels so weird, y'know, Chandlers your friend...  Oh!",surprise,positive,"['Urgency', 'Anxiety']"
1013,Oh my God!,surprise,positive,"['Urgency', 'Anxiety']"
1014,"Aw, all right take this bed, you can make other friends.",joy,positive,['Calm']
1015,"You know, ever since I was little, I've been able to pick up quarters with my toes.",joy,positive,['Calm']
1016,"Good for you.  Uh, quarters or rolls of quarters?",joy,positive,['Calm']
1017,"By the way, Chandler. I cut you out of all my pictures. So if you want, I have a bag with just your heads.",anger,negative,"['Aggression', 'Coercion']"
1018,That's OK.,neutral,neutral,['Calm']
1019,"Oh, are you sure?",surprise,positive,"['Urgency', 'Anxiety']"
1021,"Because you know, you could make little puppets out of them, and you could use them in your theater of cruelty.",anger,negative,"['Aggression', 'Coercion']"
1022,We can't do that.,neutral,neutral,['Calm']
1023,What? What can't you do?,surprise,negative,"['Urgency', 'Anxiety']"
1024,She really said that?,surprise,positive,"['Urgency', 'Anxiety']"
1025,"Well, I added the 'exactly like me' part...",neutral,neutral,['Calm']
1026,"But she said she's looking for someone, and someone is gonna be there tonight.",neutral,neutral,['Calm']
1027,'Tonight' tonight?,surprise,positive,"['Urgency', 'Anxiety']"
1028,"Well, I think it's perfect.",joy,positive,['Calm']
1029,"Y'know, it's just gonna be the two of us, she spent all day taking care of my monkey...",neutral,neutral,['Calm']
1030,I can't remember the last time I got a girl to take care of my monkey.,sadness,negative,"['Distress', 'Helplessness']"
1031,"Anyway, I figured after work I'd go pick up a bottle of wine, go over there and, uh, try to woo her.",joy,positive,['Calm']
1032,"Hey, y'know what you should do? You should take her back to the 1890's, when that phrase was last used.",disgust,negative,"['Aggression', 'Distress', 'Coercion']"
1033,"Car's waiting downstairs, I just wanted to drop off these copies of my book for your friends. Anything you want from Lisbon?",neutral,neutral,['Calm']
1034,"No, just knowing you're gonna be there is enough.",neutral,neutral,['Calm']
1035,"Alright, well, be good, I love you.",joy,positive,['Calm']
1036,You kissed my best Ross! ...Or something to that effect.,anger,negative,"['Aggression', 'Coercion']"
1037,"O-kay. Look, it, it was stupid.",sadness,negative,"['Distress', 'Helplessness']"
1038,Really stupid.,anger,negative,"['Aggression', 'Coercion']"
1039,Really stupid.,sadness,negative,"['Distress', 'Helplessness']"
1040,And I don't even know how it happened.,sadness,negative,"['Distress', 'Helplessness']"
1041,"I'm sorry, honey, I promise it will never happen again.",sadness,negative,"['Distress', 'Helplessness']"
1042,Are we okay now?,fear,negative,"['Fear', 'Panic', 'Anxiety']"
1043,Yeah. No. No...,anger,negative,"['Aggression', 'Coercion']"
1044,"Ah, the forbidden love of a man and his door.",neutral,neutral,['Calm']
1045,"Shh. He did it. He told her off, and not just about the kiss, about everything.",neutral,neutral,['Calm']
1046,You're kidding.,surprise,negative,"['Urgency', 'Anxiety']"
1047,"No, no. He said ""When are you gonna grow up and start being a mom?""",neutral,neutral,['Calm']
1048,Oh there it is.,neutral,neutral,['Calm']
1049,Thats not your regular dry cleaners.,neutral,neutral,['Calm']
1050,"I know, but that creep that I went on that date with goes to there so I have to find a new one.",disgust,negative,"['Aggression', 'Distress', 'Coercion']"
1051,"I also have to find a new video store, a new bank, a new adult bookstore, a new grocery store",disgust,negative,"['Aggression', 'Distress', 'Coercion']"
1052,What?!,surprise,negative,"['Urgency', 'Anxiety']"
1053,A new grocery store.,neutral,neutral,['Calm']
1054,The universe said I was going to meet a nice guy and thats what they gave me?,anger,negative,"['Aggression', 'Coercion']"
1055,When I get up there Im going to kick some ass.,anger,negative,"['Aggression', 'Coercion']"
1056,"Dont worry Phoebe, youre gonna meet someone. If I can meet a great guy, so can you.",neutral,neutral,['Calm']
1057,"Yeah, we both can. And we both will.",neutral,neutral,['Calm']
1058,"Oh, you didnt have to come in with me.",neutral,neutral,['Calm']
1059,Are you kidding? This is where they get out stains! Okay? This is like,joy,positive,['Calm']
1061,"Oh, excuse me! I think you dropped s Wow!",surprise,positive,"['Urgency', 'Anxiety']"
1062,What?,surprise,positive,"['Urgency', 'Anxiety']"
1063,"Im sorry, its just that youre so incredibly beautiful.",surprise,positive,"['Urgency', 'Anxiety']"
1064,"Oh yeah well, Im sorry about that too, but what are you going to do?",neutral,neutral,['Calm']
1065,"I hope you dont think Im crazy but I feel like I was meant to pick this up, do you believe in that kind of thing?",joy,positive,['Calm']
1066,A little.   Now youre talking.,neutral,neutral,['Calm']
1067,Would you like to go out and have a cup of coffee?,neutral,neutral,['Calm']
1068,I-I-Id love to. Let me just tell my friend.,joy,positive,['Calm']
1069,"Ooh, an ink stain! Hey, can I watch how you get this out?",joy,positive,['Calm']
1070,She mustve left.,neutral,neutral,['Calm']
1071,Monica! Stop throwing it so hard! We're on the same team!,anger,negative,"['Aggression', 'Coercion']"
1072,Four hours? You guys have been doing this for four hours?,surprise,negative,"['Urgency', 'Anxiety']"
1073,That's right baby.,joy,positive,['Calm']
1074,"All right, let me in.",neutral,neutral,['Calm']
1075,No-no! Don't do it! Don't!,fear,negative,"['Fear', 'Panic', 'Anxiety']"
1076,What?,surprise,negative,"['Urgency', 'Anxiety']"
1077,He's a dropper!,anger,negative,"['Aggression', 'Coercion']"
1078,"Oh yeah, that's right!",anger,negative,"['Aggression', 'Coercion']"
1079,I'm not a dropper!,anger,negative,"['Aggression', 'Coercion']"
1080,"It's really a uh-uh three person game, y'know?",neutral,neutral,['Calm']
1081,It's throwing and catching!,anger,negative,"['Aggression', 'Coercion']"
1082,All right.,neutral,neutral,['Calm']
1083,Oh! Oh! That's so hard.,surprise,positive,"['Urgency', 'Anxiety']"
1084,"Whoa-whoa you guys, it's not a cat!",anger,negative,"['Aggression', 'Coercion']"
1085,Oh myOh good God!,surprise,negative,"['Urgency', 'Anxiety']"
1086,"I give up you guys, I don't know what I'm going to do with this thing!",anger,negative,"['Aggression', 'Coercion']"
1087,"Baking it didn't help, huh?",neutral,neutral,['Calm']
1088,"All right, well the place was closed. Ill just copy it later.",neutral,neutral,['Calm']
1089,"Or not. Uh, Rach, why dont you just move in with me?",neutral,neutral,['Calm']
1090,"Whoa! Whoa! Whoa, Joey!",surprise,positive,"['Urgency', 'Anxiety']"
1091,"No-no-no-no-no-no-no-no Its okay, I mean Ilook Rach, I know I scared you off with that whole Naked Thursdays thing, but we dont have to do that!",neutral,neutral,['Calm']
1092,"Well, it would be easier to move just right across the hall. Wait a minute, unless youre thinking about Naked Wednesdays.",neutral,neutral,['Calm']
1093,"Thursdays clearly not good for ya, pick a day!",joy,positive,['Calm']
1094,"So thats two boxes of the Holiday Macaroons. On behalf of the Brown Birds of America, I salute you.",joy,positive,['Calm']
1095,"Just admit it Chandler, you have no backhand.",neutral,neutral,['Calm']
1096,"Excuse me little one, I have a very solid backhand.",anger,negative,"['Aggression', 'Coercion']"
1097,Shielding your face and shrieking like a girl... is not a backhand.,disgust,negative,"['Aggression', 'Distress', 'Coercion']"
1098,I was shrieking... like a Marine.,neutral,neutral,['Calm']
1099,All right here. Watch me execute the three Ps of championship play. Power.  Precision.  and penache.,neutral,neutral,['Calm']
1100,She's not much of a phone person.,neutral,neutral,['Calm']
1101,"Yeah, so, uh, so, uh, what's the deal with this father guy, I mean, if someone was havin' my baby somewhere, I'd wanna know about it, you know?",neutral,neutral,['Calm']
1102,"Hey, Knick fan, am I interested in your views on fatherhood? Uh, no.",anger,negative,"['Aggression', 'Coercion']"
1103,"Ok, look, maybe I should just go.",neutral,neutral,['Calm']
1104,Maybe you should.,anger,negative,"['Aggression', 'Coercion']"
1105,"Good luck, and uh, take care, huh?",sadness,negative,"['Distress', 'Helplessness']"
1106,You know what the Celtics problem is? They let the players run the team.,neutral,neutral,['Calm']
1107,"Oh, that is so not true.",neutral,neutral,['Calm']
1108,"Oh, it is.",neutral,neutral,['Calm']
1109,It isn't.,neutral,neutral,['Calm']
1110,It is.,neutral,neutral,['Calm']
1111,Isn't!,anger,negative,"['Aggression', 'Coercion']"
1112,"Okay ladies, that ends todays class, and lets remember, lets be safe out there.",neutral,neutral,['Calm']
1113,Its a great class.,joy,positive,['Calm']
1114,Thanks.,neutral,neutral,['Calm']
1115,"Yeah, yeah, I was watching.",neutral,neutral,['Calm']
1116,"Umm, hey, a couple of questions though.",neutral,neutral,['Calm']
1117,"Umm, about that-that-that last move where the woman tripped you and then pinned you to the floor, what-what-what-what would you do next?",fear,negative,"['Fear', 'Panic', 'Anxiety']"
1118,"Well, she would take her keys and try to jam them",neutral,neutral,['Calm']
1119,No. No-no. No. What would,anger,negative,"['Aggression', 'Coercion']"
1120,Who? Me the attacker?,surprise,negative,"['Urgency', 'Anxiety']"
1121,"Im sorry Chandler, yknow you are such a sweet guy and I, I dont want to hurt you.",sadness,negative,"['Distress', 'Helplessness']"
1122,"Oh, I wish there was something I can do to make you feel better.",sadness,negative,"['Distress', 'Helplessness']"
1123,No-noReally?!,surprise,positive,"['Urgency', 'Anxiety']"
1124,Of course!,joy,positive,['Calm']
1125,"Well, it just hurts so bad. I uh",sadness,negative,"['Distress', 'Helplessness']"
1126,"Ohh, Im sorry.",sadness,negative,"['Distress', 'Helplessness']"
1127,Well maybe there is one thing you can do.,neutral,neutral,['Calm']
1128,What?! Anything! Anything!,joy,positive,['Calm']
1129,"Well, I umm, I mean this is just off the top of my head now, umm but I have this friend.",neutral,neutral,['Calm']
1130,"This actor friend and he would kill me if he thought I was doing this umm, but umm would it be possible for him to get an audition for your movie say on Thursday?",fear,negative,"['Fear', 'Panic', 'Anxiety']"
1131,Absolutely! But you-you would really feel better about me rejecting you if your actor friend can audition for my movie?,surprise,positive,"['Urgency', 'Anxiety']"
1132,"Well, the heart wants what it wants. Ill see you later.",neutral,neutral,['Calm']
1133,"Okay, I got that. Ill escape over there. Ill come back over here. All right, come on",neutral,neutral,['Calm']
1134,"Hey, you guys. Listen, Im sorry that I was hogging the game beforeOh my God! Your friends have some unfortunate initials!",sadness,negative,"['Distress', 'Helplessness']"
1135,Theyre all Chandler.,neutral,neutral,['Calm']
1136,Chandler sucks! He couldnt have gotten this good!,surprise,negative,"['Urgency', 'Anxiety']"
1137,I did.  But it came at a price.,neutral,neutral,['Calm']
1138,But Ben is coming over tonight and he cant see this.,fear,negative,"['Fear', 'Panic', 'Anxiety']"
1139,"Oh come on, by age seven kids have already seen orgies.  Was it just me?!",surprise,negative,"['Urgency', 'Anxiety']"
1140,Sure!,joy,positive,['Calm']
1141,"Okay, I was thinking we should have a beautiful guest room, right?",neutral,neutral,['Calm']
1142,With a mahogany sleigh bed and bedside tables with flowers on them all the time!,joy,positive,['Calm']
1143,And we could have a roll top desk with comment cards on them so people could say how much they loved staying here!!,joy,positive,['Calm']
1144,"Okay, whatever, I really havent thought about it that much.",neutral,neutral,['Calm']
1145,"Well, I like that idea.",joy,positive,['Calm']
1146,Obviously!,joy,positive,['Calm']
1147,"I was thinking maybe-maybe-maybe it could be a game room, yknow?",neutral,neutral,['Calm']
1148,"I mean you can buy old arcade games like uh, like",neutral,neutral,['Calm']
1149,No.,disgust,negative,"['Aggression', 'Distress', 'Coercion']"
1150,"Okay so you mean no as in, ""Gee Chandler, what an interesting idea. Lets discuss it before we reject it completely.""",joy,positive,['Calm']
1151,"Oh, Im sorry. Of course I mean that. Interesting idea, umm, talk about it, but no.",disgust,negative,"['Aggression', 'Distress', 'Coercion']"
1152,"So, thats it?",surprise,negative,"['Urgency', 'Anxiety']"
1153,I just dont think arcade games go in the beautiful guest room. The beautiful guest room is gonna be filled with antiques.,neutral,neutral,['Calm']
1154,Which is why,neutral,neutral,['Calm']
1155,What do you have against the beautiful guest room?,anger,negative,"['Aggression', 'Coercion']"
1156,"I dont have anything against the beautiful guest room, especially since everybody we know lives about 30 seconds away!",anger,negative,"['Aggression', 'Coercion']"
1157,Are you mocking me?,anger,negative,"['Aggression', 'Coercion']"
1158,"No, Im not mocking you,  or you beautiful guest room.",neutral,neutral,['Calm']
1159,"Y'know, I love doing crossword puzzles with you honey!",joy,positive,['Calm']
1160,"Aww, me too. Now let's finish this and go to bed.",joy,positive,['Calm']
1161,"Okay! There's only one left, three letter word, not dog but",neutral,neutral,['Calm']
1162,Cat.,neutral,neutral,['Calm']
1163,Yes! You are so smart!  I love you.,joy,positive,['Calm']
1164,I love you too.,joy,positive,['Calm']
1165,"I never sucked, I actually didn't want you to know how good I was!",neutral,neutral,['Calm']
1166,Why?,surprise,negative,"['Urgency', 'Anxiety']"
1167,I don't know.,neutral,neutral,['Calm']
1168,This is so great! Now we can enter into doubles tournaments!,joy,positive,['Calm']
1169,That's,neutral,neutral,['Calm']
1171,"Hey. Okay, I gave him another chance, but Tim has",neutral,neutral,['Calm']
1172,But,neutral,neutral,['Calm']
1173,"No! No-no! He is totally incompetent. I called the chef who recommended him to me. He said, ""Ha-ha! Gotcha!""",disgust,negative,"['Aggression', 'Distress', 'Coercion']"
1174,"Okay. Okay, but you cant fire him today.",neutral,neutral,['Calm']
1175,Why not?!,anger,negative,"['Aggression', 'Coercion']"
1176,Because Im dumping him today.,neutral,neutral,['Calm']
1177,What?! You said he was sweet!,surprise,negative,"['Urgency', 'Anxiety']"
1178,He,neutral,neutral,['Calm']
1179,Just dont pick up your phone.,neutral,neutral,['Calm']
1180,"Then he comes over!  ""Im so worried about you."" Uck! Be a man!",disgust,negative,"['Aggression', 'Distress', 'Coercion']"
1181,What? So now Im not allowed to fire him?,surprise,negative,"['Urgency', 'Anxiety']"
1182,"You cant fire him and dump him the same day, hell kill himself.",sadness,negative,"['Distress', 'Helplessness']"
1183,"Okay well then, Ill fire him today and you go out with him for another week.",neutral,neutral,['Calm']
1184,"Are you kidding?! Another week with that sip, Ill kill",disgust,negative,"['Aggression', 'Distress', 'Coercion']"
1185,"Okay well, then well both do it today and hell just have to deal with it!",neutral,neutral,['Calm']
1186,Okay. But the question is whos gonna go first. Cause whoever goes second is the bitch.,sadness,negative,"['Distress', 'Helplessness']"
1188,This is the final boarding call for Flight 664 to Yemen.,neutral,neutral,['Calm']
1189,"Well, I-I guess I gotta go.",sadness,negative,"['Distress', 'Helplessness']"
1190,"Oh, my Bing-a-ling. Ill wait for you. Do you even know how long youre going to be gone?",sadness,negative,"['Distress', 'Helplessness']"
1191,"Well, just until we find an energy source to replace fuel.",neutral,neutral,['Calm']
1192,"Oh. Well, Ill right you everyday.  15 Yemen Road, Yemen.",neutral,neutral,['Calm']
1193,"Okay, good-bye. Good-bye.",sadness,negative,"['Distress', 'Helplessness']"
1194,Chandler?,neutral,neutral,['Calm']
1195,No!,anger,negative,"['Aggression', 'Coercion']"
1196,Chandler!,surprise,positive,"['Urgency', 'Anxiety']"
1197,Janice!,surprise,positive,"['Urgency', 'Anxiety']"
1198,There you are!,surprise,positive,"['Urgency', 'Anxiety']"
1199,There you are!,surprise,positive,"['Urgency', 'Anxiety']"
1200,"I had to have one last kiss, and also-also you said that you were going to leave right after I got on the plane!",sadness,negative,"['Distress', 'Helplessness']"
1201,No! No! I wanna see you take-off.,neutral,neutral,['Calm']
1202,"Well, I then guess Im going to Yemen! Im going to Yemen!  When we get to Yemen, can I stay with you?",joy,positive,['Calm']
1203,Hi!,joy,positive,['Calm']
1204,Hey.,neutral,neutral,['Calm']
1205,"HeyOoh, hows Hilda? Is she working out?",neutral,neutral,['Calm']
1206,"Ohh, my new assistant is working out, yes.",neutral,neutral,['Calm']
1207,Was she happy you gave her the job?,neutral,neutral,['Calm']
1208,"Oh, my-my new assistant was very happy that I hired my new assistant.",neutral,neutral,['Calm']
1209,Hello?,neutral,neutral,['Calm']
1210,Oh hey!,surprise,positive,"['Urgency', 'Anxiety']"
1211,"Can you, can you hang on a second?",neutral,neutral,['Calm']
1212,Its the producers over at Mac and C.H.E.E.S.E.,neutral,neutral,['Calm']
1213,can you excuse me for a minute?,neutral,neutral,['Calm']
1214,"Hey, funny you should call.",joy,positive,['Calm']
1215,I was just looking over next weeks script.,neutral,neutral,['Calm']
1216,Canceled?!,surprise,negative,"['Urgency', 'Anxiety']"
1217,Like theyre taking it off the air?,surprise,negative,"['Urgency', 'Anxiety']"
1218,Ohh.,neutral,neutral,['Calm']
1219,"All right, see you Monday.",neutral,neutral,['Calm']
1220,Were not even shootin them anymore?!!,surprise,negative,"['Urgency', 'Anxiety']"
1221,"All right, bye!",anger,negative,"['Aggression', 'Coercion']"
1222,They canceled Mac and C.H.E.E.S.E!,anger,negative,"['Aggression', 'Coercion']"
1223,Sorry.,sadness,negative,"['Distress', 'Helplessness']"
1224,Im sorry Joey.,sadness,negative,"['Distress', 'Helplessness']"
1225,Why would they do that?! It was a good show right?!,surprise,negative,"['Urgency', 'Anxiety']"
1226,Its so secluded up here.,neutral,neutral,['Calm']
1227,I know. I like it up here.,joy,positive,['Calm']
1228,I feel like were the only two people in the world.  Oops. Sorry.,joy,positive,['Calm']
1229,Whats the matter honey? Did you see a little mouse?,neutral,neutral,['Calm']
1230,"No-no! Big bear! Big bear outside! I think I-Iwould youactually, would you go check on that?",fear,negative,"['Fear', 'Panic', 'Anxiety']"
1231,"Honey, we dont have any bears here.",neutral,neutral,['Calm']
1232,"Well, okay. Would-would you get me a",neutral,neutral,['Calm']
1233,Okay. Ill be right back.,neutral,neutral,['Calm']
1234,Okay.  What?! What are you doing here?!,surprise,negative,"['Urgency', 'Anxiety']"
1235,What are,neutral,neutral,['Calm']
1236,I came with Paul!,anger,negative,"['Aggression', 'Coercion']"
1237,"Yeah, I recognize the ankles!",neutral,neutral,['Calm']
1238,Get up!,anger,negative,"['Aggression', 'Coercion']"
1239,Here you go honey!,joy,positive,['Calm']
1240,Ahh. Thank you!,joy,positive,['Calm']
1241,Diet Coke,neutral,neutral,['Calm']
1242,What the hell was that?!,anger,negative,"['Aggression', 'Coercion']"
1243,A lesson in the importance of unagi.,neutral,neutral,['Calm']
1244,"Ohh,",neutral,neutral,['Calm']
1245,"Perhaps. Now Im curious, at what point during those girlish screams would you have begun to",neutral,neutral,['Calm']
1246,"All right, so we werent",neutral,neutral,['Calm']
1247,"Im sorry I had to take such drastic measures to make my point, but Ilook, I just want you guys to be safe.",neutral,neutral,['Calm']
1248,What are you doing?,neutral,neutral,['Calm']
1249,Im leaning. This is where I lean.,neutral,neutral,['Calm']
1250,Okay. (Goes over and fluffs up the pillows on the couch.,neutral,neutral,['Calm']
1251,Brenda a bee!,fear,negative,"['Fear', 'Panic', 'Anxiety']"
1252,What?,surprise,negative,"['Urgency', 'Anxiety']"
1253,Yes! Its flown into your blouse and youd better undo your buttons lest it sting you!,anger,negative,"['Aggression', 'Coercion']"
1254,I think I know whats going on here.,disgust,negative,"['Aggression', 'Distress', 'Coercion']"
1255,You do?,neutral,neutral,['Calm']
1256,"Look, I know it must be hard that your wife is a lesbian, but its wrong. Youre married.",disgust,negative,"['Aggression', 'Distress', 'Coercion']"
1257,I totally understand.  Can I,neutral,neutral,['Calm']
1258,"All right, let's do it!",joy,positive,['Calm']
1259,"No, no, no. What was that?",surprise,negative,"['Urgency', 'Anxiety']"
1260,"I know, it was the best I could get out of them.",neutral,neutral,['Calm']
1261,"Well, people!",sadness,negative,"['Distress', 'Helplessness']"
1262,"People, people, people.",neutral,neutral,['Calm']
1263,"Let's try it again, and this time let's watch everybody watch Joey.",neutral,neutral,['Calm']
1264,Show 'em how it's done.,neutral,neutral,['Calm']
1265,Count it off.,neutral,neutral,['Calm']
1266,So what did he decide? Does your Uncle Nathan get an invite or not?,neutral,neutral,['Calm']
1267,"Ohh, God, nobody likes him, and hes so cheap, hed never fly to London in a million years.",disgust,negative,"['Aggression', 'Distress', 'Coercion']"
1268,"Yeah, invite him?",neutral,neutral,['Calm']
1269,"Hey, did I do these neat enough?",neutral,neutral,['Calm']
1270,"Yeah, theyre fine.",neutral,neutral,['Calm']
1271,Yeah?,joy,positive,['Calm']
1272,"If anyone asks, well just say Ben addressed them.  Oh! So you invited Rachel then?",surprise,positive,"['Urgency', 'Anxiety']"
1273,Sure. Why not?,neutral,neutral,['Calm']
1274,Really?,surprise,positive,"['Urgency', 'Anxiety']"
1275,Yeah?,neutral,neutral,['Calm']
1276,I dont think Id be comfortable with any of my old lovers there.,sadness,negative,"['Distress', 'Helplessness']"
1277,"Wait-wait-wait, do you, do you think, maybe we shouldnt invite her?",fear,negative,"['Fear', 'Panic', 'Anxiety']"
1278,"Oh, no-no, yknow I absolutely adore Rachel its just that, well it might be a awkward for you.",sadness,negative,"['Distress', 'Helplessness']"
1279,But its absolutely your decision.,neutral,neutral,['Calm']
1280,More tea?,neutral,neutral,['Calm']
1281,Yeah sure.,neutral,neutral,['Calm']
1282,Earl Grey?,neutral,neutral,['Calm']
1283,"Huh? Yeah, fine, invite whoever you want.",neutral,neutral,['Calm']
1284,Hi.,neutral,neutral,['Calm']
1285,Hey!,joy,positive,['Calm']
1286,Hey! So how was the doctor?,neutral,neutral,['Calm']
1287,"Oh, everything went great.",joy,positive,['Calm']
1288,Good.,neutral,neutral,['Calm']
1289,"Oh hey, show them the picture of your uterus.",neutral,neutral,['Calm']
1290,Oh.,joy,positive,['Calm']
1291,I dont see the baby. Where is it?,neutral,neutral,['Calm']
1292,"Oh no, I know I couldnt see it either at first, but its right umm  Ross, I lost it again.",joy,positive,['Calm']
1295,Could you help me with something?,neutral,neutral,['Calm']
1296,The patient Im looking for has a broken leg and is in a wheelchair.,neutral,neutral,['Calm']
1297,"And umm, hes like early to mid-thirties, very attractive.",neutral,neutral,['Calm']
1298,I think I know who youre talking about.,neutral,neutral,['Calm']
1299,"Oh yay! Great! Okay, what room number is he in?",joy,positive,['Calm']
1300,"Im sorry, that information is restricted to hospital staff",neutral,neutral,['Calm']
1301,"Uh, shes with me.  Dr. Drake Remoray.",neutral,neutral,['Calm']
1302,Dr. Drake who?,neutral,neutral,['Calm']
1303,Remoray. Its Portuguese. We need that information. Im a doctor.,neutral,neutral,['Calm']
1304,A doctor at this hospital?,surprise,negative,"['Urgency', 'Anxiety']"
1305,Damnit woman were losing precious time! Now do you want this mans blood on your head?,anger,negative,"['Aggression', 'Coercion']"
1306,Hands.,neutral,neutral,['Calm']
1307,Hands!,neutral,neutral,['Calm']
1308,It is absolutely essential that you tell me what room the man my assistant described is staying in.,neutral,neutral,['Calm']
1309,"Hes a patient of mine, Ive been treating him for years!",neutral,neutral,['Calm']
1310,Hes in room 816.,neutral,neutral,['Calm']
1311,"816, thank you!",joy,positive,['Calm']
1312,Thank you.,neutral,neutral,['Calm']
1313,And what is his name?,neutral,neutral,['Calm']
1314,No!,surprise,negative,"['Urgency', 'Anxiety']"
1315,Hi!,joy,positive,['Calm']
1316,Hi!,joy,positive,['Calm']
1317,Rachel was just helping me out. My head got all sunburned.,neutral,neutral,['Calm']
1318,Awww.,joy,positive,['Calm']
1319,Thanks a million.,joy,positive,['Calm']
1320,"Oh, youre welcome a million.",joy,positive,['Calm']
1321,"Okay, Ill see you in our room.",neutral,neutral,['Calm']
1322,Yeah.,neutral,neutral,['Calm']
1323,Oh my God.,surprise,positive,"['Urgency', 'Anxiety']"
1324,I know.,neutral,neutral,['Calm']
1325,"Okay, I gotta go.",neutral,neutral,['Calm']
1326,Whoa! What?! Why?!,surprise,negative,"['Urgency', 'Anxiety']"
1327,"Well, I-I gotta go break up with Bonnie.",sadness,negative,"['Distress', 'Helplessness']"
1328,Here?! Now?!,surprise,negative,"['Urgency', 'Anxiety']"
1329,"Well, yeah.",neutral,neutral,['Calm']
1330,"I cant-I cant stay here all night, and if I go in there shes-shes gonna wanna... do stuff.",fear,negative,"['Fear', 'Panic', 'Anxiety']"
1331,What happened?,surprise,negative,"['Urgency', 'Anxiety']"
1332,"Hes not gonna make it, hes stuck in Chicago.",sadness,negative,"['Distress', 'Helplessness']"
1333,"Ohh, man! Chicago, is sooo lucky!",joy,positive,['Calm']
1334,"Stupid, useless Canadian money!",anger,negative,"['Aggression', 'Coercion']"
1335,"Rachel, one of your customers seems to have left his billfold. A Joshua Bergen.",neutral,neutral,['Calm']
1336,Really?,surprise,positive,"['Urgency', 'Anxiety']"
1337,Will you call him?,neutral,neutral,['Calm']
1338,Yes!,joy,positive,['Calm']
1339,I will!,joy,positive,['Calm']
1340,Absolutely!,joy,positive,['Calm']
1343,Oh my God! That is so good!,joy,positive,['Calm']
1344,"Im full, and yet I know if I stop eating this, Ill regret it.",neutral,neutral,['Calm']
1345,Hey!,neutral,neutral,['Calm']
1346,Hey!,neutral,neutral,['Calm']
1347,What do you got there?,neutral,neutral,['Calm']
1348,"Oh its umm, its tofu cake. Do you want some?",neutral,neutral,['Calm']
1349,What are you doing tonight?,neutral,neutral,['Calm']
1350,Huh? Uh,neutral,neutral,['Calm']
1351,Dude! Dude!,surprise,negative,"['Urgency', 'Anxiety']"
1352,"Oh!  Sorry. Uh, Ive got those plans with Phoebe, why?",neutral,neutral,['Calm']
1353,"Oh really? Uh, Monica said she had a date at 9:00.",surprise,negative,"['Urgency', 'Anxiety']"
1354,What?! Tonight?!,surprise,negative,"['Urgency', 'Anxiety']"
1355,Thats what Monica said.,neutral,neutral,['Calm']
1356,After she gave me that big speech?!,surprise,negative,"['Urgency', 'Anxiety']"
1357,She goes and makes a date with a guy on the same night she has plans with me?,anger,negative,"['Aggression', 'Coercion']"
1358,I think shes trying to pull a fast one on Big Daddy!,anger,negative,"['Aggression', 'Coercion']"
1359,"Okay, is this lamp in the same place?",neutral,neutral,['Calm']
1360,Who cares? I repel women.,disgust,negative,"['Aggression', 'Distress', 'Coercion']"
1361,No-no-no-no-no-no-no-no!!! You can't come in here! R-r-r-r-Ross is naked.,surprise,negative,"['Urgency', 'Anxiety']"
1362,What?!,surprise,negative,"['Urgency', 'Anxiety']"
1363,Its yours!,neutral,neutral,['Calm']
1364,"Yeah well, Im-Im a slut.",sadness,negative,"['Distress', 'Helplessness']"
1365,Me too.,neutral,neutral,['Calm']
1366,Hi Jill!,joy,positive,['Calm']
1367,Hey!,joy,positive,['Calm']
1368,Hi .,neutral,neutral,['Calm']
1369,Rachel.,neutral,neutral,['Calm']
1370,"Rachel! Well, you-youre not at home, youre-youre-youre right here.",surprise,positive,"['Urgency', 'Anxiety']"
1371,"Yeah I know, and I bet you thought it would be weird. But its not!",joy,positive,['Calm']
1372,"Okay. So well Ill umm,  Ill have her home by midnight.",neutral,neutral,['Calm']
1373,That part was perfect for me! I can't believe I didn't get it!,anger,negative,"['Aggression', 'Coercion']"
1374,"I'm sorry, man.",sadness,negative,"['Distress', 'Helplessness']"
1375,"Hey, y'know what you should do?",neutral,neutral,['Calm']
1376,You should make something happen for yourself.,neutral,neutral,['Calm']
1377,"Y'know, like-like write a play.",neutral,neutral,['Calm']
1378,Write a movie!,joy,positive,['Calm']
1379,Huh?,neutral,neutral,['Calm']
1380,"I mean, what about those",neutral,neutral,['Calm']
1381,"Come on Ross be realistic, y'know? If I did write something, what are the chances I could get those guys to star in it?",sadness,negative,"['Distress', 'Helplessness']"
1382,"Wait a second, I could star in it!",joy,positive,['Calm']
1383,Or that.,neutral,neutral,['Calm']
1384,I can't write!,anger,negative,"['Aggression', 'Coercion']"
1385,"Y'know I mean I-I-I'm an actor, I don't have the discipline that takes, y'know?",sadness,negative,"['Distress', 'Helplessness']"
1386,I can't do it.,sadness,negative,"['Distress', 'Helplessness']"
1387,I'll help you.,neutral,neutral,['Calm']
1388,"Yeah, I'll make up a schedule and make sure you stick to it.",neutral,neutral,['Calm']
1389,"And plus, it'll give me something to do.",neutral,neutral,['Calm']
1390,"Soo, ah, Eric, what kind of photography do ya do?",neutral,neutral,['Calm']
1391,"Oh, mostly fashion, so there may be models here from time to time, I hope thats cool.",neutral,neutral,['Calm']
1392,"Yes, that is cool. Because I have models here y'know......never.",neutral,neutral,['Calm']
1393,"Oh, yeah, during the summer, I spend most weekends at my sisters beach house, which you are welcome to use by the way.",neutral,neutral,['Calm']
1394,"Although, I should probably tell you, shes a porn star.",neutral,neutral,['Calm']
1395,"Well, listen I ah, still have one more person to ah meet, but unless it turns out to be your sister, I think youre chances are pretty good.",neutral,neutral,['Calm']
1396,All right.,neutral,neutral,['Calm']
1397,"As bad as that went, I actually enjoyed myself. I think that Im going to apologize for all of the stupid things I do.",neutral,neutral,['Calm']
1398,Why dont you just stop doing stupid things? Then you wouldnt have to apologize.,neutral,neutral,['Calm']
1399,I would really love it if I could do both.,neutral,neutral,['Calm']
1400,"All right, II have to ask.",sadness,negative,"['Distress', 'Helplessness']"
1401,What?,neutral,neutral,['Calm']
1402,Are you gonna break up with me if I get fat again?,fear,negative,"['Fear', 'Panic', 'Anxiety']"
1403,What?!,surprise,negative,"['Urgency', 'Anxiety']"
1404,"Well, you broke up with Julie Grath! How much weight could she have gained?",anger,negative,"['Aggression', 'Coercion']"
1405,A hundred and forty-five pounds.,disgust,negative,"['Aggression', 'Distress', 'Coercion']"
1406,"Yes, yes it is. Its uh  Every time on the lips! Why?! Why on lips?!",anger,negative,"['Aggression', 'Coercion']"
1407,"Heres Frannie. Hmm, wont she be happy to see me?",joy,positive,['Calm']
1408,"Now wait a minute, you be nice! All right? I didnt bring you here so you can ambush her.",anger,negative,"['Aggression', 'Coercion']"
1409,Frannie was the one who found your,neutral,neutral,['Calm']
1410,That bitch!,anger,negative,"['Aggression', 'Coercion']"
1411,Monica! What,surprise,negative,"['Urgency', 'Anxiety']"
1412,Am I doing here? Why? Surprised to see me? Ross brought me. How do you like that?!,anger,negative,"['Aggression', 'Coercion']"
1413,"Hi Frannie, congratulations.",neutral,neutral,['Calm']
1414,"You invite my brother, you invite my whole family, and not me?!",anger,negative,"['Aggression', 'Coercion']"
1415,Why?!,surprise,negative,"['Urgency', 'Anxiety']"
1416,WhatWhy wouldnt you want me at your wedding?,anger,negative,"['Aggression', 'Coercion']"
1417,What could I have possibly done?!,anger,negative,"['Aggression', 'Coercion']"
1418,Stuart!,anger,negative,"['Aggression', 'Coercion']"
1419,I believe you know my husband.,neutral,neutral,['Calm']
1420,So its really a question of,neutral,neutral,['Calm']
1421,Hey ladies! What are you in here for?,neutral,neutral,['Calm']
1422,"Hey Chandler, what are you doing here?",surprise,positive,"['Urgency', 'Anxiety']"
1423,"Gary, I'm here to report a crime.",neutral,neutral,['Calm']
1424,Yeah?,surprise,positive,"['Urgency', 'Anxiety']"
1425,It is a crime that you and I don't spend more time together.,neutral,neutral,['Calm']
1426,What's up?,neutral,neutral,['Calm']
1427,"Well, I heard that you thinking about asking Phoebe to move in with you and I thought maybe, we should have a talk.",neutral,neutral,['Calm']
1428,"Man to uh, me.",neutral,neutral,['Calm']
1429,Sure. Okay.,neutral,neutral,['Calm']
1430,"Uh, are you crazy? Are you insane? If you live with Phoebe, you two are gonna be y'know, live-living together!",surprise,positive,"['Urgency', 'Anxiety']"
1431,"Yeah, I-I considered that. I just know it would make me happy.",neutral,neutral,['Calm']
1432,You mean scared.,neutral,neutral,['Calm']
1433,"No, I mean happy.",neutral,neutral,['Calm']
1434,"Hey! Oh listen, I was just clearing some space for your stuff.",joy,positive,['Calm']
1435,"Oh thanks, but listen, I was just at Monicas and she and Chandler had a big fight and theyre not moving in.",sadness,negative,"['Distress', 'Helplessness']"
1436,"What do you mean, theyre not moving in? They-theyre still moving in right?",surprise,negative,"['Urgency', 'Anxiety']"
1437,"No-no, they just had a big blowout over what to do with my room.",neutral,neutral,['Calm']
1438,What?! Over a stupid room!,surprise,negative,"['Urgency', 'Anxiety']"
1439,"Yeah, I feel kinda bad for them, but Im also really psyched cause I dont have to move in here!",joy,positive,['Calm']
1440,"Oh no, yeah no, that parts great!",joy,positive,['Calm']
1442,Shut-out!!,surprise,negative,"['Urgency', 'Anxiety']"
1443,"Where are you guys going? Come on, one more game!",surprise,negative,"['Urgency', 'Anxiety']"
1444,"Uh, it's 2:30 in the morning!",sadness,negative,"['Distress', 'Helplessness']"
1445,"Yeah, get out!",anger,negative,"['Aggression', 'Coercion']"
1446,You guys are always hanging out in my apartment!,anger,negative,"['Aggression', 'Coercion']"
1447,"Come on, I'll only use my left hand, huh?",anger,negative,"['Aggression', 'Coercion']"
1448,"Come on, wussies!",anger,negative,"['Aggression', 'Coercion']"
1449,"All right, ok, I gotta go.",neutral,neutral,['Calm']
1450,"I'm going,  and I'm gone.",neutral,neutral,['Calm']
1451,One more game?,neutral,neutral,['Calm']
1452,Oh yeah!,joy,positive,['Calm']
1453,Im sorry.,sadness,negative,"['Distress', 'Helplessness']"
1454,Ohhh. Dont go.,sadness,negative,"['Distress', 'Helplessness']"
1455,"No, I-I-I gotta go.",sadness,negative,"['Distress', 'Helplessness']"
1456,No. No! No! No!,sadness,negative,"['Distress', 'Helplessness']"
1457,"Honey, honey, people are looking.",sadness,negative,"['Distress', 'Helplessness']"
1458,I dont care!  I dont care!!,anger,negative,"['Aggression', 'Coercion']"
1459,"Yeah, um, Im, Im leaving now.",sadness,negative,"['Distress', 'Helplessness']"
1460,You cant leave! I have your shoe!,sadness,negative,"['Distress', 'Helplessness']"
1461,Good-bye Chandler Bing.,sadness,negative,"['Distress', 'Helplessness']"
1462,Rachel has those in burgendy.,neutral,neutral,['Calm']
1463,"Oh, ew!",disgust,negative,"['Aggression', 'Distress', 'Coercion']"
1464,What?,neutral,neutral,['Calm']
1465,Yeah I know what I wanted to ask you.,neutral,neutral,['Calm']
1466,"Um, can you roll your tongue?",neutral,neutral,['Calm']
1467,"Because I can, and my Mom couldnt, and I thought y'know, I figured that was something I got from our Dad.",neutral,neutral,['Calm']
1468,"What, wait, you mean like this?",neutral,neutral,['Calm']
1469,"Yeah, yeah. You can do it to.",surprise,positive,"['Urgency', 'Anxiety']"
1470,Your not doing it.,neutral,neutral,['Calm']
1471,"Oh right, yeah okay, my Mom could, and I cant. We dont have that....",neutral,neutral,['Calm']
1472,Where there is no fear of commitment.,neutral,neutral,['Calm']
1473,Do we have any... Do we have any thoughts here?,neutral,neutral,['Calm']
1474,"Well, I've never been through the tunnel myself, 'cause as I understand it, you're not allowed to go through with more than one girl in the car, right.",neutral,neutral,['Calm']
1475,"But, it seems to me it's pretty much like anything else, you know, face your fear.",neutral,neutral,['Calm']
1476,"It have a fear of heights, you go to the top of the building!",fear,negative,"['Fear', 'Panic', 'Anxiety']"
1477,If you're afraid of bugs.....get a bug.,neutral,neutral,['Calm']
1478,Right.,neutral,neutral,['Calm']
1479,"In this case, you have a fear of commitment, so I say you go in there and be the most committed guy there ever was.",neutral,neutral,['Calm']
1480,"Amazingly, that makes sense.",joy,positive,['Calm']
1481,You think?,neutral,neutral,['Calm']
1482,"Oh, yeah. Go for it man, jump off the high dive, stare down the barrel of the gun, pee into the wind!",joy,positive,['Calm']
1483,"Yeah, Joe, I assure you if I'm staring down the barrel of a gun, I'm pretty much peeing every which way.",fear,negative,"['Fear', 'Panic', 'Anxiety']"
1484,Hey!  Hey!,joy,positive,['Calm']
1485,Hi!,joy,positive,['Calm']
1486,Hi! Look! I got our pictures developed from Rockefeller Center.,joy,positive,['Calm']
1487,"Oh great! Hey-hey Joey, do you want to check out pictures of me and Mona ice skating?",joy,positive,['Calm']
1488,"Oh uh, ordinarily I would love too, but I am just swamped right now.",neutral,neutral,['Calm']
1489,Hey where-where are the pictures that creepy pretzel vendor took of us together?,neutral,neutral,['Calm']
1490,"Oh yeah, probably at the end.  Oh my God! He only took pictures of my breasts!",surprise,negative,"['Urgency', 'Anxiety']"
1491,Im missin picture time?!,joy,positive,['Calm']
1492,Yknow she has a face Ross!,anger,negative,"['Aggression', 'Coercion']"
1493,"Okay. Okay, heres a good one of us.",joy,positive,['Calm']
1494,Wow!,joy,positive,['Calm']
1495,That is a good one!,joy,positive,['Calm']
1496,"Wow, it looks like a, like a holiday card yknow, with the tree in the middle and the skaters and the snow.",joy,positive,['Calm']
1497,"Yknow, every year I say Im gonna send out holiday cards and I never do it.",neutral,neutral,['Calm']
1498,"Do you wanna, do you wanna send this one out together?",neutral,neutral,['Calm']
1499,Together? Like-like to people?,surprise,negative,"['Urgency', 'Anxiety']"
1500,"Yeah, yknow. Happy holidays from Mona and Ross. Itll be cute, okay?",joy,positive,['Calm']
1501,Okay.,joy,positive,['Calm']
1502,"Oh, I gotta get to work. So call me later?",neutral,neutral,['Calm']
1503,"Uh sure, sure.",neutral,neutral,['Calm']
1504,Bye guys.,neutral,neutral,['Calm']
1505,"I mean, I dont feel like I even have a girlfriend anymore.",anger,negative,"['Aggression', 'Coercion']"
1506,You want me to just quit my job so that you can feel like youve got a girlfriend?,anger,negative,"['Aggression', 'Coercion']"
1507,Is this about Mark?,neutral,neutral,['Calm']
1508,Oh my God.,surprise,negative,"['Urgency', 'Anxiety']"
1509,"Okay, its not, its not.",neutral,neutral,['Calm']
1510,"Oh my God. I cannot keep having this same fight with you Ross! Look, urrgh, maybe we should take a break.",sadness,negative,"['Distress', 'Helplessness']"
1511,"Fine, youre right.",neutral,neutral,['Calm']
1512,"Lets ah, lets take a break,  lets cool off, okay, lets get some frozen yoghurt, or something..",neutral,neutral,['Calm']
1513,No. A break from us.,sadness,negative,"['Distress', 'Helplessness']"
1514,"Bing! Were all set for tonight, 8 oclock.",joy,positive,['Calm']
1515,"Oh uh, as it turns out, we cant do it. Monica has to work.",joy,positive,['Calm']
1516,"Oh, my ex-wife didnt work, unless you call turning into her mother work. Fine. Tomorrow night then.",neutral,neutral,['Calm']
1517,Oh uh well tomorrows no good for her either.,neutral,neutral,['Calm']
1518,Oh? Why not?,neutral,neutral,['Calm']
1519,Its the semi-finalsof herbotchy ball tournament.,neutral,neutral,['Calm']
1520,"Whats going on Bing? Does uh, your wife have a problem with me or something?",anger,negative,"['Aggression', 'Coercion']"
1521,Well now-now youre just talking crazy.,joy,positive,['Calm']
1522,So why cant the three of us go out together?,neutral,neutral,['Calm']
1523,Because uhwe-wewe split up. Monica and I split up. Hold me.,sadness,negative,"['Distress', 'Helplessness']"
1524,"Good God Bing Iwell I cant say Im altogether surprised, I saw the way she looked at you, and there was no love there.",sadness,negative,"['Distress', 'Helplessness']"
1525,"And the way she looked at me, pure lust.",joy,positive,['Calm']
1526,Yknow what would really help me through this tough time is choking something. Can I choke ya?,anger,negative,"['Aggression', 'Coercion']"
1527,"Bing my boy, were gonna get you over this.",neutral,neutral,['Calm']
1528,"Now heres the plan, grab your coat, were going to a strip club.",joy,positive,['Calm']
1529,"Oh no-no-no, Monica would freak.  But to hell with that bitch.",anger,negative,"['Aggression', 'Coercion']"
1530,"Look at you, all sweet and innocent, sleeping like an angel...    with Emma's chubby little hands wrapped around ya.",neutral,neutral,['Calm']
1531,"It's    okay, Emma, you stay asleep.",neutral,neutral,['Calm']
1532,": Step away from the crib,    I have a weapon!",anger,negative,"['Aggression', 'Coercion']"
1533,"It's okay, it's okay Rach, it's me. Put down the scrunchy.",neutral,neutral,['Calm']
1534,What are you doing?,neutral,neutral,['Calm']
1535,"Well, I heard Emma stirring, so I came to make sure she could    reach Hugsy.",neutral,neutral,['Calm']
1536,"Oh, oh thanks. Alright well, now that I'm up I'm going to go    to the bathroom.",neutral,neutral,['Calm']
1537,There you go sweetie...     This isn't over.,neutral,neutral,['Calm']
1538,Did he call?,neutral,neutral,['Calm']
1539,No. Sorry.,sadness,negative,"['Distress', 'Helplessness']"
1540,Why?! Why?! He said hed call. Why hasnt he called?,sadness,negative,"['Distress', 'Helplessness']"
1541,"Maybe hes intimated by really smart, strong, successful women.",neutral,neutral,['Calm']
1542,"Sophie, would you please climb out of my butt. Why hasnt he called, Rachel? Why?",anger,negative,"['Aggression', 'Coercion']"
1543,"Okay, okay. Umm, well ah, maybe he, maybe he feels awkward because you are my boss.",neutral,neutral,['Calm']
1544,Awkward? Why should he feel awkward?,surprise,negative,"['Urgency', 'Anxiety']"
1546,"The only person that should feel awkward is you, and you didnt tell him not to call me, did you?",anger,negative,"['Aggression', 'Coercion']"
1548,"Because if you feel uncomfortable with your friend dating someone you work for, there are always ways to fix...that.",anger,negative,"['Aggression', 'Coercion']"
1549,And youre upset because you didnt make your best friend cry?,sadness,negative,"['Distress', 'Helplessness']"
1550,"I mean, all Im asking for is just a little emotion!",anger,negative,"['Aggression', 'Coercion']"
1551,Is that too much to ask after six years?!,anger,negative,"['Aggression', 'Coercion']"
1552,I mean what?,anger,negative,"['Aggression', 'Coercion']"
1553,Are-are-are Rachel and I not as close as you guys?!,anger,negative,"['Aggression', 'Coercion']"
1554,I mean do we not have as much fun?!,anger,negative,"['Aggression', 'Coercion']"
1555,Dont I deserve a few tears?!!,sadness,negative,"['Distress', 'Helplessness']"
1556,"I mean we-we told Joey, he cried his eyes out!",sadness,negative,"['Distress', 'Helplessness']"
1557,Hey!,anger,negative,"['Aggression', 'Coercion']"
1558,I did not cry my eyes out!!,anger,negative,"['Aggression', 'Coercion']"
1559,Come on!,sadness,negative,"['Distress', 'Helplessness']"
1560,Its like the end of an era!,sadness,negative,"['Distress', 'Helplessness']"
1561,No more J-man and Channies!,sadness,negative,"['Distress', 'Helplessness']"
1563,"Okay, I gotta ask, who calls us that?!",anger,negative,"['Aggression', 'Coercion']"
1564,Do I know why were rushing?,neutral,neutral,['Calm']
1565,"Yeah, y'know the ah, the girlfriend I told you about last night?",neutral,neutral,['Calm']
1566,"Well it turns out she ah, she wants to get back together with me.",neutral,neutral,['Calm']
1567,"Oh, I found it!",joy,positive,['Calm']
1569,Thats so great for you guys!,joy,positive,['Calm']
1571,"Good luck, with your girlfriend.",neutral,neutral,['Calm']
1572,"Oh, thank you.  Hey, hey.  Rachel!!!!",joy,positive,['Calm']
1573,"Hi. Ohhh, you got my message.",neutral,neutral,['Calm']
1574,"Yeah, oh hey, you are right on time.",neutral,neutral,['Calm']
1575,So what do you say? Can I be your girlfriend again?,neutral,neutral,['Calm']
1576,"Yes, you can, very much.",joy,positive,['Calm']
1577,Ahhhh!!,surprise,positive,"['Urgency', 'Anxiety']"
1578,"Ooh! I'm sorry! I think, I THINK, that may have missed the table!",joy,positive,['Calm']
1579,Do,neutral,neutral,['Calm']
1580,"Ah,",neutral,neutral,['Calm']
1581,Do,neutral,neutral,['Calm']
1582,"Ah,",neutral,neutral,['Calm']
1583,DO YOU?,anger,negative,"['Aggression', 'Coercion']"
1584,Yknow I dont understand why they didnt cry. It was a beautiful speech.,sadness,negative,"['Distress', 'Helplessness']"
1585,"Oh, come on.",disgust,negative,"['Aggression', 'Distress', 'Coercion']"
1586,Hey!,sadness,negative,"['Distress', 'Helplessness']"
1587,"All that stuff you said about true love, you were right, I mean, we did learn a lot from Mom and Dad!",joy,positive,['Calm']
1588,And that picture of Chi-Chi with her mischievous grin.,neutral,neutral,['Calm']
1589,And what you said about Nana.,neutral,neutral,['Calm']
1590,"Ohh, yeah she really wouldve wanted to be there.",sadness,negative,"['Distress', 'Helplessness']"
1591,And you know what?,neutral,neutral,['Calm']
1592,I think she was.,neutral,neutral,['Calm']
1593,"Oh good God, Ross! How the hell do you do it?",surprise,negative,"['Urgency', 'Anxiety']"
1594,You forget how many great songs Heart had.,neutral,neutral,['Calm']
1595,Yeah.,neutral,neutral,['Calm']
1596,"You know, Barracuda was the first song I learned to play on the keyboard.",neutral,neutral,['Calm']
1597,"So, you heard it, you repeated it, so that must mean you wrote it.",neutral,neutral,['Calm']
1598,"Oh, you guys, with this joke. I gotta say, I know I cracked up, but Im not even sure I got it.",neutral,neutral,['Calm']
1599,"What, you didnt get it? The doctor is a monkey.",neutral,neutral,['Calm']
1600,And monkeys cant write out prescriptions.,neutral,neutral,['Calm']
1601,You are not allowed to laugh at my joke.,anger,negative,"['Aggression', 'Coercion']"
1602,"Your joke? Well, I think the Hef would disagree, which is why he sent me a check for one hundred ah-dollars.",neutral,neutral,['Calm']
1603,I cant find garbage bags!,anger,negative,"['Aggression', 'Coercion']"
1604,"Oh, I think I saw some in here.",neutral,neutral,['Calm']
1605,What is it?!,surprise,negative,"['Urgency', 'Anxiety']"
1606,"I dont know! But maybe if we keep that drawer shut, itll die.",disgust,negative,"['Aggression', 'Distress', 'Coercion']"
1607,I cant believe were living here!,sadness,negative,"['Distress', 'Helplessness']"
1608,You still haven’t told Rachel you weren’t really  proposing?,surprise,negative,"['Urgency', 'Anxiety']"
1609,"No! She had the ring on, she seemed so excited, and then she  took her breast out.",anger,negative,"['Aggression', 'Coercion']"
1610,"Joey, you have to tell her what’s going on! And what did it  look like?!",surprise,negative,"['Urgency', 'Anxiety']"
1611,I didn’t look at it. Stupid baby’s head was blocking most of  it.,anger,negative,"['Aggression', 'Coercion']"
1612,Go and tell Rachel right now before Ross finds out.,sadness,negative,"['Distress', 'Helplessness']"
1613,"Look, it’s not that easy. She said she wanted to marry me. I  don’t want to hurt her.",sadness,negative,"['Distress', 'Helplessness']"
1614,"Okay, look, just do it gently.",neutral,neutral,['Calm']
1615,You’re right.,neutral,neutral,['Calm']
1616,You’re right.,neutral,neutral,['Calm']
1617,I-I’ll go tell her now before Ross  finds out and I’ll be gentle.,neutral,neutral,['Calm']
1618,I can do that.,neutral,neutral,['Calm']
1619,I am a gentle person.,neutral,neutral,['Calm']
1620,"Oh, by the  way.",neutral,neutral,['Calm']
1621,Two people screwing in there  if you want to check that out.,neutral,neutral,['Calm']
1625,"Okay, umm, it's this tragic love story between Cathy and Heathcliff and umm, it takes place on like these really creepy mores in England.",sadness,negative,"['Distress', 'Helplessness']"
1626,Which,neutral,neutral,['Calm']
1627,"How would you characterize the theme of this book, uh let's see here , Rachel Green?",neutral,neutral,['Calm']
1628,"Umm, well I would have to say that it's a, it's tragic love story.",neutral,neutral,['Calm']
1629,"Well, that's sort of a given, but yes. Anyone else?",neutral,neutral,['Calm']
1630,"Oh-oh-oh, symbolism! And uh, the-the uh, wildness of the mores, which",joy,positive,['Calm']
1631,Excellent! What Rachel has shrewdly observed here,joy,positive,['Calm']
1632,You completely stole my answer!,anger,negative,"['Aggression', 'Coercion']"
1633,"Well, honey that was pretty obvious.",sadness,negative,"['Distress', 'Helplessness']"
1634,Well how would you know?! You didn't even read it!,anger,negative,"['Aggression', 'Coercion']"
1635,What do you think? You in the blue shirt.,neutral,neutral,['Calm']
1636,"I think that uh, yours is a question with many answers.",neutral,neutral,['Calm']
1637,Would ya care to venture one?,neutral,neutral,['Calm']
1638,Would,neutral,neutral,['Calm']
1639,Are you just repeating what I'm saying?,anger,negative,"['Aggression', 'Coercion']"
1641,"All right, let's move on.",neutral,neutral,['Calm']
1642,Okay then.,neutral,neutral,['Calm']
1643,"All right, okay, this is great, uh, Chandler, you get behind the desk.",neutral,neutral,['Calm']
1644,"And-and when she comes in hopefully, she wont recognise you because, well, why would she?",neutral,neutral,['Calm']
1645,"Uh, okay, and then you buzz Ross and I.",neutral,neutral,['Calm']
1646,"You be Mr. Gonzalez, and Ill be uh, Mr. Wong.",neutral,neutral,['Calm']
1647,Diverse.,neutral,neutral,['Calm']
1648,Did anybody call for security?,neutral,neutral,['Calm']
1649,You be cool.,neutral,neutral,['Calm']
1650,"Okay, which one of you guys is Gunther Central-Perk?  Hey, Joey?",neutral,neutral,['Calm']
1651,Wheres my ring? My dead grandmothers wedding ring? Where is it? Where is it?,fear,negative,"['Fear', 'Panic', 'Anxiety']"
1652,"Way to be cool, man.",neutral,neutral,['Calm']
1653,Whats he talking about?,neutral,neutral,['Calm']
1654,"There was a ring, in a box, on my nightstand, after you left, it was gone!",anger,negative,"['Aggression', 'Coercion']"
1655,"Wait, you guys think I stole some ring?",surprise,negative,"['Urgency', 'Anxiety']"
1656,We know you took so just-just save yourself the time and confess!,anger,negative,"['Aggression', 'Coercion']"
1657,"Okay, who are you?",surprise,negative,"['Urgency', 'Anxiety']"
1658,The Hardy boys?,anger,negative,"['Aggression', 'Coercion']"
1659,"Look, I dont need to steal some stupid ring, all right?",anger,negative,"['Aggression', 'Coercion']"
1660,"I make $1,600 a week doing what I do; any of you guys make that?",anger,negative,"['Aggression', 'Coercion']"
1661,Marry me.,neutral,neutral,['Calm']
1662,Oh my God! Joey!,surprise,negative,"['Urgency', 'Anxiety']"
1663,Hell yeah! Ill marry you!,joy,positive,['Calm']
1664,You cant marry him!,anger,negative,"['Aggression', 'Coercion']"
1665,"Hey lady, your days over! Its my turn!",anger,negative,"['Aggression', 'Coercion']"
1666,Phoebe!,surprise,negative,"['Urgency', 'Anxiety']"
1667,Why?! Why cant she marry me?!,surprise,negative,"['Urgency', 'Anxiety']"
1668,I can and I will!,anger,negative,"['Aggression', 'Coercion']"
1669,Shes not pregnant. Its Rachel. Rachels the one whos pregnant.,neutral,neutral,['Calm']
1670,Oh my God.,surprise,negative,"['Urgency', 'Anxiety']"
1671,Hey!,anger,negative,"['Aggression', 'Coercion']"
1672,Phoebe I think he would notice if you didnt have a baby in nine months!,anger,negative,"['Aggression', 'Coercion']"
1673,Its Joey!,surprise,negative,"['Urgency', 'Anxiety']"
1674,Now I cant believe it! What? Rachels pregnant?  Whos the father?,surprise,positive,"['Urgency', 'Anxiety']"
1675,We dont know.,neutral,neutral,['Calm']
1676,Ohh I wonder if that dude.,neutral,neutral,['Calm']
1677,Theres a dude?,surprise,negative,"['Urgency', 'Anxiety']"
1678,Yeah.,neutral,neutral,['Calm']
1679,Who? Who is it?,surprise,negative,"['Urgency', 'Anxiety']"
1680,"About a month ago this guy spent the night with Rachel, I didnt see who it was but",disgust,negative,"['Aggression', 'Distress', 'Coercion']"
1681,Was that story over?,neutral,neutral,['Calm']
1682,The guy left this.,neutral,neutral,['Calm']
1683,Oh my God! I know who the father is,surprise,negative,"['Urgency', 'Anxiety']"
1684,People have got to finish their stories!,anger,negative,"['Aggression', 'Coercion']"
1685,"Oh my God, youre back!",surprise,positive,"['Urgency', 'Anxiety']"
1686,"Ohh, let me see it! Let me see your hand!",surprise,positive,"['Urgency', 'Anxiety']"
1687,Why do you want to see my hand?,neutral,neutral,['Calm']
1688,I wanna see whats in your hand. I wanna see the trash.,disgust,negative,"['Aggression', 'Distress', 'Coercion']"
1690,"Eww! Oh, its all dirty. You should throw this out.",disgust,negative,"['Aggression', 'Distress', 'Coercion']"
1691,No!,anger,negative,"['Aggression', 'Coercion']"
1692,Me too!,joy,positive,['Calm']
1693,"Hey, when the music starts up again, I was thinking of maybe goind into the robot, yknow?",neutral,neutral,['Calm']
1694,"Ross, I think we should stick to the routine, we dont wanna look stupid!",joy,positive,['Calm']
1695,Alright were back! Ten seconds left here we go! Ten! Nine! Eight! Seven!,joy,positive,['Calm']
1696,"Three, Two, One!",neutral,neutral,['Calm']
1697,Cut!,neutral,neutral,['Calm']
1698,No! Year! Happy No Year!,joy,positive,['Calm']
1699,"Okay, heres where we go to the live shot of Times Square, nice work everyone thats a wrap!",joy,positive,['Calm']
1700,"So Lizzie, are-are-are you planning on staying the night?",neutral,neutral,['Calm']
1701,"Oh no-no believe me, Im leaving as soon as possible!",neutral,neutral,['Calm']
1702,"Good. Good. Not that we dont want you to stay, obviously youre welcomeHow much more homework do you have?",neutral,neutral,['Calm']
1703,"I see. Yknow umm, Phoebe makes sock bunnies.",neutral,neutral,['Calm']
1704,No!,surprise,negative,"['Urgency', 'Anxiety']"
1705,"No, she doesnt.",neutral,neutral,['Calm']
1706,"Uh Phoebe, what she makesthats uhtheyre sock rabbits.",neutral,neutral,['Calm']
1707,They are completely differentOkay!,anger,negative,"['Aggression', 'Coercion']"
1708,Okay!,surprise,negative,"['Urgency', 'Anxiety']"
1709,Okay!,surprise,negative,"['Urgency', 'Anxiety']"
1710,I didnt make it!,sadness,negative,"['Distress', 'Helplessness']"
1711,Im sorry!,sadness,negative,"['Distress', 'Helplessness']"
1712,I totally forgot about tonight and the fact that were supposed to,neutral,neutral,['Calm']
1713,"Oh, its okay. I dont",neutral,neutral,['Calm']
1714,"No-no, its not okay!",sadness,negative,"['Distress', 'Helplessness']"
1715,Its not!,sadness,negative,"['Distress', 'Helplessness']"
1716,I mean you were just Youre so incredible!,sadness,negative,"['Distress', 'Helplessness']"
1717,You went through all this time and effort to make this tape for me!,sadness,negative,"['Distress', 'Helplessness']"
1718,"Yknow Im just gonnaI, I am gonna make this up to you!",joy,positive,['Calm']
1719,I will!,sadness,negative,"['Distress', 'Helplessness']"
1720,I-I am going to,neutral,neutral,['Calm']
1721,"Well, I did put a lot of thought in the tape.",neutral,neutral,['Calm']
1722,"No.  And then I called him, and he wasnt there.",neutral,neutral,['Calm']
1723,"Well, then hes, hes probably just, out.",neutral,neutral,['Calm']
1724,"Oh, thank you thats very helpful, Im glad you came over.",neutral,neutral,['Calm']
1725,Hello.,neutral,neutral,['Calm']
1726,Hi! Its me.,sadness,negative,"['Distress', 'Helplessness']"
1727,"Hi! Oh, Im so glad you called.",joy,positive,['Calm']
1728,"Really? Ive been thinking, this is crazy, I mean dont, dont you think we can work on this?",sadness,negative,"['Distress', 'Helplessness']"
1729,"Hey, what do you want to drink?",neutral,neutral,['Calm']
1730,Whos that?,surprise,negative,"['Urgency', 'Anxiety']"
1731,Nobody.,neutral,neutral,['Calm']
1732,Is it okay if I finish the apple juice?,neutral,neutral,['Calm']
1733,Is that Mark?,neutral,neutral,['Calm']
1734,"Umm, honey, look he just came over to....",neutral,neutral,['Calm']
1735,Yeah! Got it!,anger,negative,"['Aggression', 'Coercion']"
1736,"Hey, dinosaur guy, look at you, so sad. Come dance.",neutral,neutral,['Calm']
1737,"Ah, thats okay, thanks.",sadness,negative,"['Distress', 'Helplessness']"
1738,"Hey, you dont have to smile. You just have to dance.",neutral,neutral,['Calm']
1739,"Look, I dont feel like dancing, I feel like having a drink. Okay?",sadness,negative,"['Distress', 'Helplessness']"
1740,"Oh, okay.  Hey, two beers.",neutral,neutral,['Calm']
1741,You wanna go in the bedroom? Its a little more comfortable.,neutral,neutral,['Calm']
1742,Sure.,neutral,neutral,['Calm']
1743,"Okay.  Oh wait! Umm, did you send those contracts to Milan?",surprise,positive,"['Urgency', 'Anxiety']"
1744,If this is your idea of sexy talk?,surprise,positive,"['Urgency', 'Anxiety']"
1745,"No seriously, yknow the contracts I gave you, did you overnight them?",fear,negative,"['Fear', 'Panic', 'Anxiety']"
1746,What contracts?,neutral,neutral,['Calm']
1747,Okay please tell me that this is just one of your jokes that you do that I dont get.,joy,positive,['Calm']
1748,Like what?,neutral,neutral,['Calm']
1749,"Yknow, like the thing when you put the phone in your pants?",disgust,negative,"['Aggression', 'Distress', 'Coercion']"
1750,Tag!,anger,negative,"['Aggression', 'Coercion']"
1751,Im serious!,anger,negative,"['Aggression', 'Coercion']"
1752,This isnt funny!,anger,negative,"['Aggression', 'Coercion']"
1753,Those contracts absolutely had to go out today!,anger,negative,"['Aggression', 'Coercion']"
1754,"Rach, Im sorry, but you didnt give me any contracts!",surprise,negative,"['Urgency', 'Anxiety']"
1755,Yes I did! And I put a little,anger,negative,"['Aggression', 'Coercion']"
1756,"Im telling you, you never gave them to me.",neutral,neutral,['Calm']
1757,"Yknow what Tag, if we went down to the office you would see those contracts sitting on your desk.",anger,negative,"['Aggression', 'Coercion']"
1758,"No, I would see you looking embarrassed because they are",anger,negative,"['Aggression', 'Coercion']"
1759,Or maybe you would see me looking embarrassed because you are talking on the phone with your crotch!,disgust,negative,"['Aggression', 'Distress', 'Coercion']"
1760,You wanna go down to the office right now?,neutral,neutral,['Calm']
1761,"No! Come on its late, were not gonna go down to the office.",anger,negative,"['Aggression', 'Coercion']"
1762,Okay I understand.  I wouldnt want to be proved wrong either.,neutral,neutral,['Calm']
1763,Okay get your coat!  Oh! When did you unhook this?  Nice work!,joy,positive,['Calm']
1764,"Hey Ross, this is one of my co-stars, Dirk.  Dirk, this    is my good friend Ross.",neutral,neutral,['Calm']
1765,Nice to meet you.,neutral,neutral,['Calm']
1766,Oh and I need to talk to you.,neutral,neutral,['Calm']
1767,About what?,neutral,neutral,['Calm']
1768,To see if know what these guys are talking about.,neutral,neutral,['Calm']
1769,"Pheebs, hows it going?",neutral,neutral,['Calm']
1770,Im doing okay. I think its going well. Do you think theyre having fun? Am I talking to fast?,neutral,neutral,['Calm']
1771,"Nope, sound like me. Pheebs, its going great. Look at Chandler with little baby girl Chandler.",joy,positive,['Calm']
1772,"Little baby girl Chandler, where I have heard that before?",neutral,neutral,['Calm']
1773,"Oh right, Coach Ruben.",neutral,neutral,['Calm']
1774,Do you know what Pheebs?,neutral,neutral,['Calm']
1775,"When youre done over there, we kinda have a situation over here too.",fear,negative,"['Fear', 'Panic', 'Anxiety']"
1776,"Na-uh, no, we are all responsible for our own babies.",neutral,neutral,['Calm']
1777,See thats where I think that youre wrong. Weve been playing these babies man for man. we should really be playing a zone defense.,neutral,neutral,['Calm']
1778,What do you mean?,surprise,negative,"['Urgency', 'Anxiety']"
1779,Forgive me? You haven't been taking my calls in a week!,anger,negative,"['Aggression', 'Coercion']"
1780,"Well, I'm totally over it Chandler. Friends forever! Don't come out here!",anger,negative,"['Aggression', 'Coercion']"
1781,"Uh, what was that?",surprise,negative,"['Urgency', 'Anxiety']"
1782,"Uh,",neutral,neutral,['Calm']
1783,"...I'm, I'm okay.",neutral,neutral,['Calm']
1784,"That sounds good. I'll call you- or you call me, whatever...",neutral,neutral,['Calm']
1785,Okay.,neutral,neutral,['Calm']
1786,Bye.,neutral,neutral,['Calm']
1787,Whoo-hoo!,joy,positive,['Calm']
1788,"Yeah, there you go!",joy,positive,['Calm']
1789,Second date!,joy,positive,['Calm']
1790,...I dunno.,neutral,neutral,['Calm']
1792,"Well, she seems very nice and everything, but that whole thing about her coming all the way down here, just to see if I was okay?",anger,negative,"['Aggression', 'Coercion']"
1793,"I mean,... how needy is that?",disgust,negative,"['Aggression', 'Distress', 'Coercion']"
1794,Remember when you where a kid and your Mom would drop you off at the movies with a jar of jam and a little spoon?,neutral,neutral,['Calm']
1795,You're so pretty.,joy,positive,['Calm']
1796,Hi!,joy,positive,['Calm']
1797,"Hey, Phoebe.",neutral,neutral,['Calm']
1798,"Hey, oh, you know that guy who's been following me? I talked to him today.",neutral,neutral,['Calm']
1799,You talked to him. Are you crazy?,surprise,negative,"['Urgency', 'Anxiety']"
1800,"Thank you, Happy Holidays.",joy,positive,['Calm']
1801,"Now, that's trash. Young lady, you can't  Hey! Stop that young lady, she donated trash!",anger,negative,"['Aggression', 'Coercion']"
1802,Hey!!,anger,negative,"['Aggression', 'Coercion']"
1803,The charity's on fire!,fear,negative,"['Fear', 'Panic', 'Anxiety']"
1804,Help!,fear,negative,"['Fear', 'Panic', 'Anxiety']"
1805,Oh good!,joy,positive,['Calm']
1806,"Thank you, I need that.",joy,positive,['Calm']
1807,Whoa!,surprise,negative,"['Urgency', 'Anxiety']"
1808,What is that?!,surprise,negative,"['Urgency', 'Anxiety']"
1809,It's nine o'clock in the morning!,surprise,negative,"['Urgency', 'Anxiety']"
1810,Can I help you?,neutral,neutral,['Calm']
1811,"Uh yeah, where-wheres the guy who decides whos pictures go up on the wall?",neutral,neutral,['Calm']
1812,Hes not here right now.,neutral,neutral,['Calm']
1813,"Oh, youre kidding me!",anger,negative,"['Aggression', 'Coercion']"
1814,"All-all right, well make sure you tell him that Joey Tribbiani stopped by to drop off all of these clothes.",neutral,neutral,['Calm']
1815,Okay?,neutral,neutral,['Calm']
1816,Im an actor. Im kinda getting my picture up there on the wall.,neutral,neutral,['Calm']
1817,"Yknow, there are two people who could put your picture up there.",neutral,neutral,['Calm']
1818,"Oh really? Well, maybe you and I go out for drinks?  Youre the other one right?",neutral,neutral,['Calm']
1819,"Yeah, and it really freaked me out! And after a while I even tried to hurt you and it just spurred you on.",sadness,negative,"['Distress', 'Helplessness']"
1820,What?! Youre crazy! Theres nothing sexual about the noises I make!,surprise,positive,"['Urgency', 'Anxiety']"
1822,Theres nothing sexual about this?,anger,negative,"['Aggression', 'Coercion']"
1824,Oo God!,sadness,negative,"['Distress', 'Helplessness']"
1828,What are you looking at?!,anger,negative,"['Aggression', 'Coercion']"
1829,I mean hi.,neutral,neutral,['Calm']
1830,"Oh myThis is so embarrassing. Oh my God, Im never gonna get massaged again!",fear,negative,"['Fear', 'Panic', 'Anxiety']"
1831,"No, you cant let this stop you from getting massages!",sadness,negative,"['Distress', 'Helplessness']"
1832,"No look, I have, I have lots of clients that make the same noises you do!",neutral,neutral,['Calm']
1833,Really?!,surprise,negative,"['Urgency', 'Anxiety']"
1834,"Well not clients, lovers. But lets just yknow, try it again. Come back and-and well work through it.",neutral,neutral,['Calm']
1835,Are you sure?,surprise,positive,"['Urgency', 'Anxiety']"
1836,Yes.,neutral,neutral,['Calm']
1837,I guess.,neutral,neutral,['Calm']
1838,"Great! Okay, if youll just excuse me.  So, did you hear something you liked?",joy,positive,['Calm']
1854,"Thanks for the coffee, or bedankt voor de koffie, Gunter.",neutral,neutral,['Calm']
1855,"Yeah, were done.",neutral,neutral,['Calm']
1856,Ezel? Ezel? Ezel?,surprise,negative,"['Urgency', 'Anxiety']"
1857,"Hey Ross! Listen, do you want to go see that new Imax movie on tide pools?",joy,positive,['Calm']
1858,Really?!,surprise,negative,"['Urgency', 'Anxiety']"
1859,"No. But I got Knicks tickets for you, me, and Chandler.",neutral,neutral,['Calm']
1860,Sweet!,joy,positive,['Calm']
1861,"All right, well finish your coffee; lets go.",neutral,neutral,['Calm']
1862,"Ah, no-no-no just Ross. Ross and Joey is embarrassing enough.",disgust,negative,"['Aggression', 'Distress', 'Coercion']"
1863,"Uh actually, sorry I cant even make it. Im seeing Mona again tonight.",neutral,neutral,['Calm']
1864,I understand: who would cancel an actual date to go to a fake bachelor party?,neutral,neutral,['Calm']
1865,Im sorry I gotta cancel tonight baby,sadness,negative,"['Distress', 'Helplessness']"
1866,"So it's down to these two, Nancy I know you like this one and I think I agree. Rachel, what do you think?",neutral,neutral,['Calm']
1867,"Well umm, that one is pretty but uh, I just, I just love this fabric  Sorry.",neutral,neutral,['Calm']
1868,"Oh don't be sorry, that's part of your job here to give your opinions and then I take credit for them--I'm kidding.",neutral,neutral,['Calm']
1869,"She is kidding, but don't ever disagree with her again. Okay, now I'm kidding!",joy,positive,['Calm']
1870,"Oh, what a fun office.",joy,positive,['Calm']
1871,"I don't know which one, but I do know I need a cigarette.",neutral,neutral,['Calm']
1872,"So what do you say we take a break, we go outside, and we'll figure this out when we come back?",neutral,neutral,['Calm']
1873,Rachel? Do you smoke?,neutral,neutral,['Calm']
1874,"Oh no, my dad's a doctor and he would always tell me just horror storiesabout ghosts and goblins who totally supported the princess's right to smoke.",neutral,neutral,['Calm']
1875,What?,neutral,neutral,['Calm']
1876,Peach pit.,neutral,neutral,['Calm']
1877,"Yes, Bunny?",neutral,neutral,['Calm']
1878,"Peach pit. That night we, uh- we had-",neutral,neutral,['Calm']
1879,-Peaches?,neutral,neutral,['Calm']
1880,"Actually, nectarines, but basically...",neutral,neutral,['Calm']
1881,Could've been a peach.,neutral,neutral,['Calm']
1882,"Then, uh, then we got dressed, and I-I... I walked her to the-  -the bus stop... I'm fine.",neutral,neutral,['Calm']
1883,"Hey, that woman's got an ass like Carol's!  What? Thought we were trying to find stuff.",joy,positive,['Calm']
1884,All right!,joy,positive,['Calm']
1885,Westminster Abbey!,joy,positive,['Calm']
1886,"Hands down, best Abbey Ive ever seen.",joy,positive,['Calm']
1887,Hey!,joy,positive,['Calm']
1888,Okay.,neutral,neutral,['Calm']
1889,"What do you think of the Abbey, Chandler?",neutral,neutral,['Calm']
1890,"I think its great. Its great. Yknow, theyre thinking of changing the name of this place.",neutral,neutral,['Calm']
1891,Really? To what?,surprise,negative,"['Urgency', 'Anxiety']"
1892,To Put the Camera Away!!!,anger,negative,"['Aggression', 'Coercion']"
1893,"Man,",neutral,neutral,['Calm']
1894,"Y'know, I can't believe I'm getting my nails done!  And",surprise,negative,"['Urgency', 'Anxiety']"
1895,"Chandler, theres a guy right over there.",neutral,neutral,['Calm']
1896,Thats a mailman! Thats,surprise,negative,"['Urgency', 'Anxiety']"
1897,"Chandler, dont worry! This doesnt make you any less of a guy!",neutral,neutral,['Calm']
1898,"Hey, you know who used to have nails like that?",neutral,neutral,['Calm']
1900,"Eh..., I dont, I dont know.",sadness,negative,"['Distress', 'Helplessness']"
1901,What?,neutral,neutral,['Calm']
1902,"Well, as old as he is in dog years, do you think Snoopy should still be allowed to fly this thing?",sadness,negative,"['Distress', 'Helplessness']"
1903,Rachel?,neutral,neutral,['Calm']
1904,Yeah.,neutral,neutral,['Calm']
1905,"Do you remember when you first came here, how you spent two weeks getting trained by another waitress?",neutral,neutral,['Calm']
1906,"Oh, sure! Do you need me to train somebody new?",joy,positive,['Calm']
1907,"Good one. Actually, ah, Terry wants you to take the training again, whenever.",neutral,neutral,['Calm']
1908,"Eh, do you believe that?",surprise,positive,"['Urgency', 'Anxiety']"
1909,Yeah?,neutral,neutral,['Calm']
1910,"Hey honey, you got the kind with the little girl, you said we were gonna to get the kind with the baby.",anger,negative,"['Aggression', 'Coercion']"
1911,"No, you said the baby creeps you out.",neutral,neutral,['Calm']
1912,"No, the little girl creeps me out.",anger,negative,"['Aggression', 'Coercion']"
1913,You said the baby.,neutral,neutral,['Calm']
1914,Why would the baby creep me out?,anger,negative,"['Aggression', 'Coercion']"
1915,Why would the little girl creep you out?,anger,negative,"['Aggression', 'Coercion']"
1916,"You guys, Im sorry, could you please talk a little slower?",neutral,neutral,['Calm']
1917,This is going in your book?,surprise,negative,"['Urgency', 'Anxiety']"
1918,"Yeah, its about relationships. Yknow? The traps, the pitfalls, what not to do, keep going. This stuff is great!",joy,positive,['Calm']
1919,What?! Excuse me!,surprise,negative,"['Urgency', 'Anxiety']"
1920,And how none of it matters when the people really love each other.,neutral,neutral,['Calm']
1921,And how people will believe anything you tell them as long as its a compliment.,neutral,neutral,['Calm']
1923,"Yes, I made it!",joy,positive,['Calm']
1924,Im on time!,joy,positive,['Calm']
1925,"Okay, why dont we all uh,  open our books to page 23.",neutral,neutral,['Calm']
1926,Where  Where you will seea uha bunch of uhred spots.,neutral,neutral,['Calm']
1927,"Okay,  umm, why dont, why dont you all start to read, while I",neutral,neutral,['Calm']
1928,"Yeah, all right. All right! Just keep walkin'! All right?",anger,negative,"['Aggression', 'Coercion']"
1929,"Ross! What are you I'm sorry sir. I just, I think he just really likes you.",neutral,neutral,['Calm']
1930,Hey! Y'know that teacher who had a baby with her student?,neutral,neutral,['Calm']
1931,What the? What,surprise,negative,"['Urgency', 'Anxiety']"
1933,Miss? May I help you?,neutral,neutral,['Calm']
1934,"Okay look, don't...don't be mad okay?",fear,negative,"['Fear', 'Panic', 'Anxiety']"
1935,"But after I unpacked the boxes I wanted to do something nice for you, so, I-I-I cleaned the apartment.",neutral,neutral,['Calm']
1936,"So I moved everything around and then I forgot where it, where it went back and I'm sorry, I'm very sorry, I'm sorry, I'm sorry.",sadness,negative,"['Distress', 'Helplessness']"
1937,"It's okay. Chandler, are you afraid of me or something?",neutral,neutral,['Calm']
1938,Do you want me to be afraid of you?,neutral,neutral,['Calm']
1939,Of course not.,neutral,neutral,['Calm']
1940,"I mean gosh, Chandler what you did, it's, it's a wonderful thing and I really appreciate it.",joy,positive,['Calm']
1941,"I know I have this weird thing where I want everything to be in the perfect place, but I'd never expect you to worry about that.",joy,positive,['Calm']
1942,Really?,surprise,positive,"['Urgency', 'Anxiety']"
1943,Of course!,neutral,neutral,['Calm']
1944,Oh well you're the best. You come here to me.,joy,positive,['Calm']
1945,"All right, hold on okay? First thing's first.  Okay, now did Ross sit",neutral,neutral,['Calm']
1946,"Okay, that's it. I cannot make this decision! It is",anger,negative,"['Aggression', 'Coercion']"
1947,"A Magic Eight ball?! You can't be serious, you can't make this decision with a toy!",disgust,negative,"['Aggression', 'Distress', 'Coercion']"
1948,"Ooh, it's not a toy.",anger,negative,"['Aggression', 'Coercion']"
1949,"Well, I don't know what else to do.",sadness,negative,"['Distress', 'Helplessness']"
1950,"I mean, I either keep my wife and lose one of my-my-my best friends or I keep my friend and get divorced the second time before I'm 30!",anger,negative,"['Aggression', 'Coercion']"
1951,"So-so if anyone has-has a better suggestion, let's hear it!",anger,negative,"['Aggression', 'Coercion']"
1952,'Cause I-I got nothing!,anger,negative,"['Aggression', 'Coercion']"
1953,"All right, don't be shy, any suggestion will do.",anger,negative,"['Aggression', 'Coercion']"
1954,Okay then.,neutral,neutral,['Calm']
1955,Here we go.,neutral,neutral,['Calm']
1956,"Magic 8 Ball, should I never see Rachel again?",neutral,neutral,['Calm']
1957,Ask again later.,neutral,neutral,['Calm']
1958,Later is not good enough.,anger,negative,"['Aggression', 'Coercion']"
1959,Ask again later.,neutral,neutral,['Calm']
1960,What the hell!,anger,negative,"['Aggression', 'Coercion']"
1961,This is broken!,anger,negative,"['Aggression', 'Coercion']"
1962,It-it is broken!,anger,negative,"['Aggression', 'Coercion']"
1963,"All right, let me see.  Will Chandler have sex tonight?  Don't count on it. Seems like it works to me.",neutral,neutral,['Calm']
1964,Excuse me.,neutral,neutral,['Calm']
1965,Yeah?,neutral,neutral,['Calm']
1966,Are you Phoebe Buffay?,neutral,neutral,['Calm']
1967,Yeah.,neutral,neutral,['Calm']
1968,"Can-can I get your autograph, Im your biggest fan.",joy,positive,['Calm']
1969,"I think she took it pretty well. You know Paolo's over there right now, so...",neutral,neutral,['Calm']
1970,"Ah...ooh! Well, looks like, uh, we kicked your butts.",joy,positive,['Calm']
1971,"No-no, she kicked our butts. You could be on the Olympic standing-there team.",anger,negative,"['Aggression', 'Coercion']"
1972,"Come on, two on one.",neutral,neutral,['Calm']
1973,"What are you still doing here? She just broke up with the guy, it's time for you to swoop in!",surprise,negative,"['Urgency', 'Anxiety']"
1974,"What, now?",surprise,negative,"['Urgency', 'Anxiety']"
1975,"Yes, now is when you swoop!",joy,positive,['Calm']
1976,"You gotta make sure that when Paolo walks out of there, the first guy Rachel sees is you, She's gotta know that you're everything he's not!",joy,positive,['Calm']
1977,"You're like, like the anti-Paolo!",anger,negative,"['Aggression', 'Coercion']"
1978,My Catholic friend is right.,neutral,neutral,['Calm']
1979,She's distraught.,neutral,neutral,['Calm']
1980,You're there for her.,neutral,neutral,['Calm']
1981,"You pick up the pieces, and then you usher in the age of Ross!",joy,positive,['Calm']
1982,"Well, I just called Joshua",neutral,neutral,['Calm']
1983,"Oh, how did it go?",sadness,negative,"['Distress', 'Helplessness']"
1984,"Well, I did my best to convince him that Im not some crazy girl who is dying to get marriedIm just going through a hard time.",neutral,neutral,['Calm']
1985,What did he say?,neutral,neutral,['Calm']
1986,"Well uh, his answering machine was",sadness,negative,"['Distress', 'Helplessness']"
1987,"Ohh, sweetie!  Hey, I bet you anything that hes gonna call you again.",sadness,negative,"['Distress', 'Helplessness']"
1988,"Yeah, maybe, but I dont think I even care.",sadness,negative,"['Distress', 'Helplessness']"
1989,I dont think hes the one Im sad about.,sadness,negative,"['Distress', 'Helplessness']"
1990,"Yknow, I know that I said that I am totally okay with Ross getting married, but as it turns out, I dont think Im handling it all that well.",sadness,negative,"['Distress', 'Helplessness']"
1991,"Yeah, maybe.",sadness,negative,"['Distress', 'Helplessness']"
1992,And I-I am just trying to figure out why.,sadness,negative,"['Distress', 'Helplessness']"
1993,Any luck?,sadness,negative,"['Distress', 'Helplessness']"
1994,"Well, yeah, yknow how Ross and I were on again, off again, on again, off again?",sadness,negative,"['Distress', 'Helplessness']"
1995,"I guess I just figured that somewhere down the road, we would be on again.",sadness,negative,"['Distress', 'Helplessness']"
1996,Again. Yknow what? I think we all did.,sadness,negative,"['Distress', 'Helplessness']"
1997,Hey!,joy,positive,['Calm']
1998,I dont get it!,surprise,negative,"['Urgency', 'Anxiety']"
1999,It was in my room all night!,anger,negative,"['Aggression', 'Coercion']"
2000,"And if she didnt take it, and I didnt take it; and you  didnt take it, then who did?",anger,negative,"['Aggression', 'Coercion']"
2001,Shh!,anger,negative,"['Aggression', 'Coercion']"
2002,Were trying to think!,anger,negative,"['Aggression', 'Coercion']"
2003,"This is the unit for you my friend. Sturdy construction, tons of storage compartments, some big enough to fit a grown man.",neutral,neutral,['Calm']
2004,What?!,surprise,negative,"['Urgency', 'Anxiety']"
2005,Oh yeah!,joy,positive,['Calm']
2006,I got in there myself once.,neutral,neutral,['Calm']
2007,"My roommate bet me five bucks that I couldnt, and then he stuck a board through the handles that locked me in.",neutral,neutral,['Calm']
2008,Yeah.,neutral,neutral,['Calm']
2009,It was funny til I started feeling like I was in a coffin.,neutral,neutral,['Calm']
2010,"No, you, you cant fit in that thing. Thats not deep enough.",neutral,neutral,['Calm']
2011,"Oh yeah?  If I cant, Ill knock five bucks off the price off the unit.",anger,negative,"['Aggression', 'Coercion']"
2012,"All right, you have yourself a deal.",neutral,neutral,['Calm']
2013,Okay.  See?! I told ya!,surprise,positive,"['Urgency', 'Anxiety']"
2014,"Sometimes I get in here just to get away from it! Hey, a nickel!!",anger,negative,"['Aggression', 'Coercion']"
2015,Hey! Whats up?,neutral,neutral,['Calm']
2016,Hey!,joy,positive,['Calm']
2017,"Hey-hey, whos your friend?  Hey!!",joy,positive,['Calm']
2018,Hey Joey!,joy,positive,['Calm']
2019,Erin! Still here!,joy,positive,['Calm']
2020,"Yeah, we ended up spending the day together and had such a great time!",joy,positive,['Calm']
2021,Why wouldnt ya? Erin is great! Then-then theres you guys.,joy,positive,['Calm']
2022,"Ohh, listen. Ive got to get going. Today was great, thanks!",joy,positive,['Calm']
2023,I think I brought back half of the beach in my hair. It was so much easier when I used to shave my head.,anger,negative,"['Aggression', 'Coercion']"
2024,"Y'know, I gotta tell ya, I just",neutral,neutral,['Calm']
2025,Really?!,surprise,positive,"['Urgency', 'Anxiety']"
2026,Ohh!,surprise,positive,"['Urgency', 'Anxiety']"
2027,Because I think about shaving it all off again sometime.,neutral,neutral,['Calm']
2028,Really?!,surprise,positive,"['Urgency', 'Anxiety']"
2029,Yeah!,joy,positive,['Calm']
2030,I mean you definitely should do that.,neutral,neutral,['Calm']
2031,"Y'know what, I should do it.",joy,positive,['Calm']
2032,Yeah!,joy,positive,['Calm']
2033,"Yeah, thank you Rachel, you are soo cool.",joy,positive,['Calm']
2034,"Awww, stop. Come on. Now go shave that head!",neutral,neutral,['Calm']
2035,All right.,neutral,neutral,['Calm']
2036,"Oh, Monica. You are not still going over that thing.",sadness,negative,"['Distress', 'Helplessness']"
2037,This woman's living my life.,anger,negative,"['Aggression', 'Coercion']"
2038,What?,surprise,negative,"['Urgency', 'Anxiety']"
2039,"She's living my life, and she's doing it better than me!",anger,negative,"['Aggression', 'Coercion']"
2040,"Look at this, look.",anger,negative,"['Aggression', 'Coercion']"
2041,She buys tickets for plays that I wanna see.,anger,negative,"['Aggression', 'Coercion']"
2042,"She, she buys clothes from stores that I'm intimidated by the sales people.",anger,negative,"['Aggression', 'Coercion']"
2043,She spent three hundred dollars on art supplies.,anger,negative,"['Aggression', 'Coercion']"
2044,You're not an artist.,neutral,neutral,['Calm']
2045,"Yeah, well I might be if I had the supplies! I mean, I could do all this stuff. Only I don't.",anger,negative,"['Aggression', 'Coercion']"
2046,I can't believe you would actually say that. I would much rather be Mr.Peanut than Mr.Salty.,surprise,negative,"['Urgency', 'Anxiety']"
2047,"No way! Mr.Salty is a sailor, all right, he's got to be, like, thetoughest snack there is.",anger,negative,"['Aggression', 'Coercion']"
2048,"I don't know, you don't wanna mess with corn nuts. They're craaazy.",neutral,neutral,['Calm']
2049,Oh my God. You guys! You gotta come see this! There's some creep out there with a telescope!,fear,negative,"['Fear', 'Panic', 'Anxiety']"
2050,I can't believe it! He's looking right at us!,surprise,negative,"['Urgency', 'Anxiety']"
2051,"Oh, that is so sick.",disgust,negative,"['Aggression', 'Distress', 'Coercion']"
2052,I feel violated. And not in a good way.,disgust,negative,"['Aggression', 'Distress', 'Coercion']"
2053,"How can people do that?...  Oh, you guys, look! Ugly Naked Guy got gravity boots!",surprise,negative,"['Urgency', 'Anxiety']"
2054,Man that was great! Huh? Can you believe how long we threw that ball around?,joy,positive,['Calm']
2055,"Yeah, it is amazing it lasted that long.",neutral,neutral,['Calm']
2056,I know. My arm is killing me.,neutral,neutral,['Calm']
2057,"No, I meant with the dropper over here.",neutral,neutral,['Calm']
2058,"Y'know, how did I get this reputation as a dropper? Okay? I'm",anger,negative,"['Aggression', 'Coercion']"
2072,"Ah, oh God. Oh, honey, oh that's OK.",sadness,negative,"['Distress', 'Helplessness']"
2073,"What. Oh no, you just rolled over the juice box.",sadness,negative,"['Distress', 'Helplessness']"
2074,Hey.,neutral,neutral,['Calm']
2075,I just saw a woman breast feeding both of her twins at the same time. it is like a freak show up here.,neutral,neutral,['Calm']
2076,Whats the matter?,neutral,neutral,['Calm']
2077,Nothing.,neutral,neutral,['Calm']
2078,What is it? Hey!,sadness,negative,"['Distress', 'Helplessness']"
2079,Really its nothing. Im just,sadness,negative,"['Distress', 'Helplessness']"
2080,"Rach come on, what?",neutral,neutral,['Calm']
2081,Ive just been thinking about how my baby and I are gonna be all alone.,sadness,negative,"['Distress', 'Helplessness']"
2082,What are you talking about alone? What about Ross?,surprise,negative,"['Urgency', 'Anxiety']"
2083,"Oh please, hell be with his real family, the twins and little miss new boobs.",sadness,negative,"['Distress', 'Helplessness']"
2084,"Okay, how long was I watching that woman?",neutral,neutral,['Calm']
2085,"Im just saying that yknow, someday Ross is gonna meet somebody andhes gonna have his own life. Right?",sadness,negative,"['Distress', 'Helplessness']"
2086,"Yeah, I guess so.",neutral,neutral,['Calm']
2087,I just never thought I would raise this baby all by myself. Pretty dumb huh?,sadness,negative,"['Distress', 'Helplessness']"
2088,Bob. Bob! Bob!!!  What the hell are you doing?!,surprise,negative,"['Urgency', 'Anxiety']"
2089,"I just found out this is Chandlers office! Come on Toby, give me a hand!",joy,positive,['Calm']
2090,"Chandler, we said we would meet at the coffeehouse at six.",anger,negative,"['Aggression', 'Coercion']"
2091,We said seven!,anger,negative,"['Aggression', 'Coercion']"
2092,We said six!,anger,negative,"['Aggression', 'Coercion']"
2093,"The only way that I said six would be if the sevens, let meet at seven, not at six.",neutral,neutral,['Calm']
2094,"Yeah and if I had seven, maybe I wouldve said something like this, ""Wow! My boyfriends such a wise assseven!""",anger,negative,"['Aggression', 'Coercion']"
2095,Hi!,joy,positive,['Calm']
2096,Oh my good God.,disgust,negative,"['Aggression', 'Distress', 'Coercion']"
2098,I know what time you said.,joy,positive,['Calm']
2099,What?!,surprise,negative,"['Urgency', 'Anxiety']"
2100,"Well actually, I know what time Chester and Marcia said.",neutral,neutral,['Calm']
2101,"You, get out of my shop!",anger,negative,"['Aggression', 'Coercion']"
2102,"Well, what did he do?",surprise,negative,"['Urgency', 'Anxiety']"
2103,He went out with my wife!,anger,negative,"['Aggression', 'Coercion']"
2104,Joey!,surprise,negative,"['Urgency', 'Anxiety']"
2105,"Whoa-whoa-whoa-whoa, I-IHey! I did",anger,negative,"['Aggression', 'Coercion']"
2106,Thats my wife!!! Get out!,anger,negative,"['Aggression', 'Coercion']"
2107,"Well, we should go.",neutral,neutral,['Calm']
2108,Yeah.,neutral,neutral,['Calm']
2109,"Yknow you, really didnt have to take me to the airport.",neutral,neutral,['Calm']
2110,Oh please.,neutral,neutral,['Calm']
2111,Every moment is precious.,sadness,negative,"['Distress', 'Helplessness']"
2112,Yknow?,neutral,neutral,['Calm']
2113,"Besides, somebody had to ride in that other taxi with the rest of your luggage, and your friends dont really seem to care too much that youre leaving.",sadness,negative,"['Distress', 'Helplessness']"
2114,"Well, were really not that close.  Okay, so I guess this is uh, good-bye then.",neutral,neutral,['Calm']
2115,"On no! No! Its not good-bye, Im not leaving until you get on that plane.",sadness,negative,"['Distress', 'Helplessness']"
2116,"No, Im afraid I wont be able to make love as well as him.",anger,negative,"['Aggression', 'Coercion']"
2117,"Yeah, I was going for the metaphor.",neutral,neutral,['Calm']
2118,"Yes, and I was saying the actual words.",neutral,neutral,['Calm']
2119,"So big deal, so Joeys had a lot of girlfriends, it doesnt mean hes great in bed.",neutral,neutral,['Calm']
2120,"We share a wall! So either hes great in bed, or she just likes to agree with him a lot.",neutral,neutral,['Calm']
2121,"Sweetie, with you its gonna be different. The sex is gonna be great, cause you-you guys are in love.",joy,positive,['Calm']
2122,Yeah?,surprise,positive,"['Urgency', 'Anxiety']"
2123,Yeah!,joy,positive,['Calm']
2124,Just go for it Chandler.,neutral,neutral,['Calm']
2125,"Yeah, you should.",neutral,neutral,['Calm']
2126,"Yeah, you should, really.",neutral,neutral,['Calm']
2128,"All right, all right, Ill go sleep with my girlfriend. But Im just doing it for you guys.",neutral,neutral,['Calm']
2129,": Im sure as hell a dancer, its no use Marge will never go for me.",sadness,negative,"['Distress', 'Helplessness']"
2130,"Come on Treeger, dont say that.",sadness,negative,"['Distress', 'Helplessness']"
2131,"You just ahh, you just need more practice.",neutral,neutral,['Calm']
2132,"Here, come on, lets ahh, lets try it again.",neutral,neutral,['Calm']
2134,"Plus, it was, it was probably mostly my fault, anyway.",sadness,negative,"['Distress', 'Helplessness']"
2135,"I mean, yknow, Im not really that comfortable dancing with a We-he!!",joy,positive,['Calm']
2136,Hey!,joy,positive,['Calm']
2137,: Yeah!,joy,positive,['Calm']
2139,Are you sure? Ill bet theres another flight to Minsk in like,neutral,neutral,['Calm']
2140,"July. Umm,",neutral,neutral,['Calm']
2141,Thats really beautiful. What does it mean?,joy,positive,['Calm']
2142,"Please, clean my beakers. I dont get out of the lab much.",neutral,neutral,['Calm']
2143,"Thats good. I got to admit, I thought it was something else.",joy,positive,['Calm']
2144,"Yeah, I Well I really actually wanted to say umm, that, but um, I figured I probably shouldnt because yknow, Ihave to leave.",neutral,neutral,['Calm']
2145,Youre right! Youre right. Dont say it.,sadness,negative,"['Distress', 'Helplessness']"
2146,I-I do though.,sadness,negative,"['Distress', 'Helplessness']"
2147,I do too.,sadness,negative,"['Distress', 'Helplessness']"
2148,Bye Phoebe.,neutral,neutral,['Calm']
2149,"Okay, nows not the time Joey. All right? You can yell at me tomorrow.",sadness,negative,"['Distress', 'Helplessness']"
2154,"Yeah, I-I heard.  I think its great!  Ohh, Im so happy for you!",joy,positive,['Calm']
2157,I cant believe youre getting married!,joy,positive,['Calm']
2158,Yeah.,neutral,neutral,['Calm']
2159,Monica and Rachel made out.,neutral,neutral,['Calm']
2160,Ohhh!,surprise,negative,"['Urgency', 'Anxiety']"
2161,Why are we in bed together?,surprise,negative,"['Urgency', 'Anxiety']"
2162,I dont know. Do-do you have any clothes on?,neutral,neutral,['Calm']
2163,Yeah.,neutral,neutral,['Calm']
2164,Really?!,surprise,negative,"['Urgency', 'Anxiety']"
2165,No!,neutral,neutral,['Calm']
2166,"But we-we didnt havesex-uh, did we?",fear,negative,"['Fear', 'Panic', 'Anxiety']"
2167,"I mean, I dont remember much about last night, it was such a blur.",neutral,neutral,['Calm']
2168,Oh! I remember laughing! I laughed a lot.,joy,positive,['Calm']
2169,And we didnt have sex.,neutral,neutral,['Calm']
2170,"Ohh, I mean, we were really drunk. Im just glad we didnt do anything stupid.",neutral,neutral,['Calm']
2171,Tell me about it.,neutral,neutral,['Calm']
2172,What are we gonna do?,neutral,neutral,['Calm']
2173,I say we go with,neutral,neutral,['Calm']
2174,Chandler?,neutral,neutral,['Calm']
2175,Did she see us yet? Did she see us?,neutral,neutral,['Calm']
2176,"Janice, what umm, what are you doing here?",sadness,negative,"['Distress', 'Helplessness']"
2177,Whats that smell?,disgust,negative,"['Aggression', 'Distress', 'Coercion']"
2178,I know!,anger,negative,"['Aggression', 'Coercion']"
2179,"Hi, remember us?",neutral,neutral,['Calm']
2180,"Um, okay. You just called a little while ago about needing a signature on the admissions form. Well, it turns out we need a",neutral,neutral,['Calm']
2181,I am. I'm,neutral,neutral,['Calm']
2182,"Yeah, and and, I'm just gonna pay for this with a check.",neutral,neutral,['Calm']
2183,"Yeah, I know...  ..I'm I'm just not that bright either.",sadness,negative,"['Distress', 'Helplessness']"
2184,"Hey, Mon, if you were hoping to sleep with Joshua the first time tonight, which one of these would you want to be wearing.",neutral,neutral,['Calm']
2185,Yknow what? It,neutral,neutral,['Calm']
2186,Sorry.,neutral,neutral,['Calm']
2187,Im so exited!,joy,positive,['Calm']
2188,Ive been waiting for this for months!,joy,positive,['Calm']
2189,I got my hair coloured!,joy,positive,['Calm']
2190,I got new sheets!,joy,positive,['Calm']
2191,Im making him a,joy,positive,['Calm']
2193,What am I making him by the way?,neutral,neutral,['Calm']
2194,"Well, youre making him a frieze salad with goat cheese and pine nuts, wild nuts, wild rice, roast asparagus, and salmon au croup.",neutral,neutral,['Calm']
2195,I thought I was making him filet mignon?,surprise,negative,"['Urgency', 'Anxiety']"
2196,"Yeah, you were, but you decided to make salmon because you had some left over at the restaurant.",neutral,neutral,['Calm']
2197,"And then you realised if you  bitched about it, then you  would stop cooking, and you  would have to make your famous baked potato and Diet Coke.",anger,negative,"['Aggression', 'Coercion']"
2198,"Wow, I really get crabby when I cook.",surprise,positive,"['Urgency', 'Anxiety']"
2199,"Chandler! It happens to lots of guys! You-you-you were probably tired, you had a lot of champagne, dont worry about it!",sadness,negative,"['Distress', 'Helplessness']"
2200,"Im not worried, Im uh, Im fascinated.",fear,negative,"['Fear', 'Panic', 'Anxiety']"
2201,"Yknow its like uh, Biology!",neutral,neutral,['Calm']
2202,"Which is funny because in high school I uh, I-I failed Biology and tonight Biology failed me.",fear,negative,"['Fear', 'Panic', 'Anxiety']"
2203,"Check it out. Okay, I can play this when the guests are coming in. Okay.",neutral,neutral,['Calm']
2204,Phoebe!,joy,positive,['Calm']
2205,"If you wouldve let me finish, it goes on to say that hes probably not gay.",neutral,neutral,['Calm']
2206,You are falling fast asleep.,neutral,neutral,['Calm']
2207,Deeper.,neutral,neutral,['Calm']
2208,Deeper.,neutral,neutral,['Calm']
2209,Deeper.,neutral,neutral,['Calm']
2210,You are now completely asleep.,neutral,neutral,['Calm']
2211,You dont need to smoke.,neutral,neutral,['Calm']
2212,Cigarettes dont control you.,neutral,neutral,['Calm']
2213,"You are a strong, confident woman, who does not need to smoke.",neutral,neutral,['Calm']
2214,"A strong, confident woman.",neutral,neutral,['Calm']
2215,"Thank you for your patience, youre the next caller.",neutral,neutral,['Calm']
2216,Yes!! Yes!! Im the next caller! You were gonna have me hang up.,joy,positive,['Calm']
2217,Hey! Can you take a duck and a chick to the theatre?,neutral,neutral,['Calm']
2218,Of course not.,sadness,negative,"['Distress', 'Helplessness']"
2219,No.,neutral,neutral,['Calm']
2220,Okay. I just wanted them to hear it from somebody else.,neutral,neutral,['Calm']
2221,So how are things going with Paul?,neutral,neutral,['Calm']
2222,Good.,joy,positive,['Calm']
2223,"Although yknow, he-hes a private guy.",neutral,neutral,['Calm']
2224,"Yknow, I wish I could get him to open up a little bit, share some feelings.",sadness,negative,"['Distress', 'Helplessness']"
2225,Thats easy! You just have to think of him as a-as a jar of pickles that wont open.,neutral,neutral,['Calm']
2226,So what are you saying.  I should run him under hot water and bang his head against a table?,surprise,negative,"['Urgency', 'Anxiety']"
2227,No thats what you do when you want to get the truth out of someone.,neutral,neutral,['Calm']
2228,Hi honey.,neutral,neutral,['Calm']
2229,Hi!,joy,positive,['Calm']
2230,"Okay, Ben, I wont tell your daddy that you had ice cream for dinner, if you dont tell about our little bonking incident.",fear,negative,"['Fear', 'Panic', 'Anxiety']"
2231,"Monica, number one, I dont think Ben understands the concept of bribery, and number two, I...   What?!",surprise,negative,"['Urgency', 'Anxiety']"
2232,You said number two.,neutral,neutral,['Calm']
2233,I also said number one.,neutral,neutral,['Calm']
2234,Remind me to review with you which pot is decaf and which is regular.,neutral,neutral,['Calm']
2235,Cant I just look at the handles on them?,neutral,neutral,['Calm']
2236,You would think.,neutral,neutral,['Calm']
2237,"Okay, fine.",neutral,neutral,['Calm']
2238,"Gunther, y'know what, I am a terrible waitress, do you know why Im a terrible waitress?",anger,negative,"['Aggression', 'Coercion']"
2239,"Because, I dont care.",neutral,neutral,['Calm']
2240,I dont care.,neutral,neutral,['Calm']
2241,"I dont care which pot is regular and which pot is decaf, I dont care where the tray spot is, I just dont care, this is not what I want to do.",anger,negative,"['Aggression', 'Coercion']"
2242,So I dont think I should do it anymore.,sadness,negative,"['Distress', 'Helplessness']"
2243,Im gonna give you my weeks notice.,sadness,negative,"['Distress', 'Helplessness']"
2244,What?!,surprise,negative,"['Urgency', 'Anxiety']"
2245,"Gunther, I quit.",sadness,negative,"['Distress', 'Helplessness']"
2246,Does this mean were gonna have to start paying for coffee?,surprise,negative,"['Urgency', 'Anxiety']"
2247,"Ohh, I mean its just so realistic!",joy,positive,['Calm']
2248,"I know.  Yeah, his name is Pat.",neutral,neutral,['Calm']
2249,Pat the dog. Oh! Oh! I get it!!,joy,positive,['Calm']
2250,"Do you uh, do youready for a refill?",neutral,neutral,['Calm']
2251,"Oh, I probably shouldntso I will!  Oh! Wow! Its like its raining!",surprise,positive,"['Urgency', 'Anxiety']"
2252,"Pretty cool, huh?",joy,positive,['Calm']
2253,"But if youre thinking you can put a fish in there and it wouldnt get sucked up into the mechanism, well youd be wrong.",neutral,neutral,['Calm']
2254,"Umm, can I use your bathroom?",neutral,neutral,['Calm']
2255,"Its uh, right through there.",neutral,neutral,['Calm']
2256,"Okay.  God yknow, if someone told me a week ago that I would be peeing in Joey Tribbianis apartment",joy,positive,['Calm']
2257,"Yeah, lifes pretty great isnt it?",joy,positive,['Calm']
2259,"You know, I think I was sixteen.",neutral,neutral,['Calm']
2260,"Please, just a little bit off the back.",neutral,neutral,['Calm']
2261,"I'm still on ""no.""",neutral,neutral,['Calm']
2262,"Uh, morning. Do you guys think you could close your eyes for just a sec?",neutral,neutral,['Calm']
2263,"No-no-no-no-no,  I'm not fallin' for that again.",anger,negative,"['Aggression', 'Coercion']"
2264,What's goin' on?,neutral,neutral,['Calm']
2265,"Well, I sorta did a stupid thing last night.",neutral,neutral,['Calm']
2266,What stupid thing did you do?,neutral,neutral,['Calm']
2267,Ewww!,disgust,negative,"['Aggression', 'Distress', 'Coercion']"
2268,I know.,neutral,neutral,['Calm']
2269,"See, yes.",neutral,neutral,['Calm']
2270,"Thats Yasmine Bleeth, shes a completely different kind of chick.",neutral,neutral,['Calm']
2271,I love you both.,neutral,neutral,['Calm']
2272,But in very different ways.,neutral,neutral,['Calm']
2273,Hey!,surprise,positive,"['Urgency', 'Anxiety']"
2274,Hey!,surprise,positive,"['Urgency', 'Anxiety']"
2276,"I did! But the store wouldnt take her back! So then I took her to the shelter, and you know what I found out?",anger,negative,"['Aggression', 'Coercion']"
2277,"If they cant find a home for her, they kill her! And Im not gonna let that happen to little Yasmine!",anger,negative,"['Aggression', 'Coercion']"
2278,"Okay, good, good, good, cause, good, cause I was kinda having second thoughts too.",fear,negative,"['Fear', 'Panic', 'Anxiety']"
2279,Okay. And its not just chicks y'know? Its all kinds of other animals!,disgust,negative,"['Aggression', 'Distress', 'Coercion']"
2280,"Thats horrible! Well, you did the right thing man.",disgust,negative,"['Aggression', 'Distress', 'Coercion']"
2281,"Thanks, Im glad you see it that way.",joy,positive,['Calm']
2282,"Ohhh-hoo, funny story!",joy,positive,['Calm']
2283,"So Chandler, have you heard about Monica's secret boyfriend?",neutral,neutral,['Calm']
2284,"Uhh, yeah. She uh, she uh, she uh might've mentioned him.",neutral,neutral,['Calm']
2285,"So Mon, when are we gonna meet this new secret waiter man?",neutral,neutral,['Calm']
2286,"Ohh, he's really shy. I-I dont think he's up to meeting everyone yet.",neutral,neutral,['Calm']
2287,"Yeah, I don't think he's up to meeting everyone yet.",neutral,neutral,['Calm']
2288,I dont care! I wanna meet this guy who's the best sex she ever had!,joy,positive,['Calm']
2289,Really?! That's what you heard?  You said that?,surprise,positive,"['Urgency', 'Anxiety']"
2290,I might've said that.  Why is that funny?,neutral,neutral,['Calm']
2291,Because I'm very happy for him!  And,joy,positive,['Calm']
2292,Hi!,sadness,negative,"['Distress', 'Helplessness']"
2297,Did you get all this stuff for Joey to try and drive me out of the apartment?,anger,negative,"['Aggression', 'Coercion']"
2298,"Honey, if you wanted to do that, you might as well just gotten him a fish, you know how fish freaked me out!",disgust,negative,"['Aggression', 'Distress', 'Coercion']"
2299,Fish!,surprise,negative,"['Urgency', 'Anxiety']"
2300,"It wouldn't have mattered anyway, Phoebe, you and I are, are gonna live together, we're roommates; that's the deal.",neutral,neutral,['Calm']
2301,"Yes, but I wanted you to want to live with me, but okay, if you're having so much fun over here",sadness,negative,"['Distress', 'Helplessness']"
2302,"Oh, it's so much more fun with you.",joy,positive,['Calm']
2303,"We did have fun, didn't we?",joy,positive,['Calm']
2304,We did!,joy,positive,['Calm']
2305,"Oh, anyway, they say, if we want, we can see it tonight.",neutral,neutral,['Calm']
2306,"Oh, I would love to!",joy,positive,['Calm']
2307,"Yay, okay!",joy,positive,['Calm']
2308,"Good, good, good, good, good.",joy,positive,['Calm']
2309,"Great, all right, okay, and Monica ask me to make the drumming stop.",neutral,neutral,['Calm']
2310,Um...  Done!,neutral,neutral,['Calm']
2316,"Okay, its coffee.",neutral,neutral,['Calm']
2317,Ice coffee? Tell me its ice coffee!,surprise,negative,"['Urgency', 'Anxiety']"
2318,Its-its hot,neutral,neutral,['Calm']
2319,Hot coffee!!!,surprise,negative,"['Urgency', 'Anxiety']"
2320,You idiot!!,anger,negative,"['Aggression', 'Coercion']"
2321,"You were gonna spill hot coffee all over me, huh?!!",anger,negative,"['Aggression', 'Coercion']"
2322,"What are you just some big, dumb, stupid, doofy idiot, with a doofy idiot hairdo, huh?!",anger,negative,"['Aggression', 'Coercion']"
2323,Huh?,anger,negative,"['Aggression', 'Coercion']"
2325,Whats your favourite thing about summertime?,neutral,neutral,['Calm']
2326,"Umm, going to the beach. When it stays light real late.",neutral,neutral,['Calm']
2327,Yeah,neutral,neutral,['Calm']
2328,Hey!,surprise,positive,"['Urgency', 'Anxiety']"
2329,"Tommyyyy! Say, whats your favourite thing about summer?",joy,positive,['Calm']
2330,"Ooh, I dont know. Probably the smell of freshly cut grass.",neutral,neutral,['Calm']
2331,"Ohh, thats a good one.",joy,positive,['Calm']
2332,"OK, try this salmon mousse.",neutral,neutral,['Calm']
2333,Mmmm. Good.,joy,positive,['Calm']
2334,Is it better than the other salmon mousse?,neutral,neutral,['Calm']
2335,It's creamier.,neutral,neutral,['Calm']
2336,"Yeah, well, is that",neutral,neutral,['Calm']
2337,"I don't know. We're talking about whipped fish, Monica. I'm just happy I'm keeping it down, y'know?",disgust,negative,"['Aggression', 'Distress', 'Coercion']"
2338,My God! What happened to you?,surprise,negative,"['Urgency', 'Anxiety']"
2339,"Eight and a half hours of aptitude tests, intelligence tests, personality tests... and what do I learn?",disgust,negative,"['Aggression', 'Distress', 'Coercion']"
2340,"""You are ideally suited for a career in data processing for a large multinational corporation.""",anger,negative,"['Aggression', 'Coercion']"
2341,That's so great! 'Cause you already know how to do that!,joy,positive,['Calm']
2342,"Can you believe it? I mean, don't I seem like somebody who should be doing something really",anger,negative,"['Aggression', 'Coercion']"
2343,"Oh Chandler, I know, I know... oh, hey! You can see your nipples through this shirt!",sadness,negative,"['Distress', 'Helplessness']"
2344,"Here you go, maybe this'll cheer you up.",joy,positive,['Calm']
2345,"Ooh, you know, I had a grape about five hours ago, so I'd better split this with you.",neutral,neutral,['Calm']
2346,I thought it was gonna be a closed casket.,neutral,neutral,['Calm']
2347,"Well, that doesn't mean she can't look nice!",sadness,negative,"['Distress', 'Helplessness']"
2348,"Sweetie, you think you can get in there?",neutral,neutral,['Calm']
2349,I don't see why not.,neutral,neutral,['Calm']
2350,Here's my retainer!,neutral,neutral,['Calm']
2351,Someone in there?,neutral,neutral,['Calm']
2352,No. This is just part of a dare devil game that I play called wait until the last moment before I burst and die.,anger,negative,"['Aggression', 'Coercion']"
2353,"Jeez, man did you fall.. Hi! So ah, did ya, did-did-did ya fall high?",surprise,positive,"['Urgency', 'Anxiety']"
2354,"Someone was in the lady's room, I couldnt wait. I left the lid up for ya though.",neutral,neutral,['Calm']
2355,"Y'know what Gunther, go ah, go ahead, Im-Im talking to ah, .  This is the part where you say your name.",neutral,neutral,['Calm']
2356,Ginger.,neutral,neutral,['Calm']
2357,"Ginger. Im talking to Ginger, so....",neutral,neutral,['Calm']
2358,Dont you have to use the bathroom?,neutral,neutral,['Calm']
2359,"Nope, nope, Id just ah, Id rather talk to you.",neutral,neutral,['Calm']
2360,"Yes, I do.",neutral,neutral,['Calm']
2361,"Yes, I do have to go to the bathroom.",neutral,neutral,['Calm']
2362,Someone in here.,neutral,neutral,['Calm']
2363,"Im going to keep dating him Mother, and theres nothing you can do about it!",anger,negative,"['Aggression', 'Coercion']"
2364,Oh yes there is!,anger,negative,"['Aggression', 'Coercion']"
2365,What are you going to do? Kill him? Like you did with Charles?!,anger,negative,"['Aggression', 'Coercion']"
2368,"Oh, my baby!",sadness,negative,"['Distress', 'Helplessness']"
2369,That was a great scene! And-and-and that slap looks so real! How do you do that?,surprise,positive,"['Urgency', 'Anxiety']"
2370,"Oh, just years of experience.",neutral,neutral,['Calm']
2371,Can I get some ice here?!,sadness,negative,"['Distress', 'Helplessness']"
2372,"Oh anyway, I just wanted to say how wonderful I think you are.",joy,positive,['Calm']
2373,Youre not the fan whos dying are you?,neutral,neutral,['Calm']
2376,"No. No, Im Joey Tribbiani; we did a scene together yesterday. I-Im the guy in the coma!",joy,positive,['Calm']
2377,Oh that was a real person?!,surprise,positive,"['Urgency', 'Anxiety']"
2378,"An-an-anyway I-I just wanted to say that since Im getting your brain when you leave the show, I was wondering if there was any tips you can give me",neutral,neutral,['Calm']
2379,I-I-Im leaving the show?,surprise,negative,"['Urgency', 'Anxiety']"
2380,I dont know. Why? Did you hear something?,neutral,neutral,['Calm']
2381,Who told you that?,surprise,negative,"['Urgency', 'Anxiety']"
2382,"Oh uh, one of the writers.",sadness,negative,"['Distress', 'Helplessness']"
2383,Which one? Was it bald or was it tall?,surprise,negative,"['Urgency', 'Anxiety']"
2385,Feel better?,neutral,neutral,['Calm']
2386,Yeah!,joy,positive,['Calm']
2387,Much!,joy,positive,['Calm']
2388,"Listen uh, not that Im yknow insecure about my manhood or anything yknow, but I think I need to hook up with a woman like right now.",neutral,neutral,['Calm']
2389,"Yeah, I understand.",neutral,neutral,['Calm']
2390,Yeah! Okay!  Hey! Hi!,joy,positive,['Calm']
2391,Hi!,joy,positive,['Calm']
2392,"Yknow, you look familiar. Do I know you from somewhere?",surprise,positive,"['Urgency', 'Anxiety']"
2393,I dont think so.,neutral,neutral,['Calm']
2394,Oh! Maybe its because Im on television. Im an actor on,joy,positive,['Calm']
2395,Wow!,surprise,positive,"['Urgency', 'Anxiety']"
2396,Yeah.,neutral,neutral,['Calm']
2397,Really?!,surprise,positive,"['Urgency', 'Anxiety']"
2399,$4.50 please.,neutral,neutral,['Calm']
2400,"Oh, let me get this.    These are for you.",neutral,neutral,['Calm']
2401,"Alright, alright, alright.",neutral,neutral,['Calm']
2402,It's been fourteen and a half minutes and you still have not said one word.,anger,negative,"['Aggression', 'Coercion']"
2403,"Oh God, do something.",anger,negative,"['Aggression', 'Coercion']"
2404,"Just make contact, smile!",anger,negative,"['Aggression', 'Coercion']"
2405,There you go!,joy,positive,['Calm']
2406,You're definitely scaring here.,neutral,neutral,['Calm']
2407,Would you like to call somebody?,neutral,neutral,['Calm']
2408,"Yeah, about 300 guys I went to high school with.",neutral,neutral,['Calm']
2409,"Okay! Feel free to look, but Im telling you those contracts are not on this desk.",anger,negative,"['Aggression', 'Coercion']"
2410,Oh,neutral,neutral,['Calm']
2411,Its my sister.,neutral,neutral,['Calm']
2412,"Okay, very cute braces. Anyway yknow what, the",neutral,neutral,['Calm']
2413,So when do you imagine you gave them to me? In the morning or in the afternoon?,anger,negative,"['Aggression', 'Coercion']"
2414,"In the afternoon. Mr. Zelner came into my office after lunch. He put them on my desk, and then I put a",neutral,neutral,['Calm']
2415,"Phoebe, she doesnt know that you sneak out every night, she doesnt know that you sneak back every morning, and she doesnt know that youve been living with your Grandmothers for a week now.",neutral,neutral,['Calm']
2416,"Okay, well maybe not on those levels.",neutral,neutral,['Calm']
2417,Hey.,neutral,neutral,['Calm']
2418,Hey.,neutral,neutral,['Calm']
2419,"Im never gonna find a roommate, ever.",sadness,negative,"['Distress', 'Helplessness']"
2420,"Why, nobody good?",neutral,neutral,['Calm']
2421,"Well lets see, there was the guy with the ferrets, thats plural.",disgust,negative,"['Aggression', 'Distress', 'Coercion']"
2422,The spitter.,disgust,negative,"['Aggression', 'Distress', 'Coercion']"
2423,"Oh-ho, and yes, the guy that enjoyed my name so much he felt the need to make a little noise every time he said it.",anger,negative,"['Aggression', 'Coercion']"
2424,"Nice to meet you, Chandler Bing",neutral,neutral,['Calm']
2425,So how many more do you have tomorrow?,neutral,neutral,['Calm']
2426,Two.,neutral,neutral,['Calm']
2427,"This photographer, who seemed really dull.",neutral,neutral,['Calm']
2428,"And this actor guy, who Im not sure about, because when he called and I answered the phone Chandler Bing, he said Whoa-whoa, short message.",neutral,neutral,['Calm']
2429,"Ross , foot on the floor or come over no more!",neutral,neutral,['Calm']
2430,"Sure, your dresser is missing but this she notices.",anger,negative,"['Aggression', 'Coercion']"
2431,What?,neutral,neutral,['Calm']
2432,"I have to go. Yeah, Carol should be home by now, soo...",neutral,neutral,['Calm']
2433,"Umm, hows it going with you guys?",neutral,neutral,['Calm']
2434,"Oh, better, actually. Y'know I-I-I think I finally figured out why we were having so much trouble lately.",neutral,neutral,['Calm']
2435,"Oh, really?",surprise,positive,"['Urgency', 'Anxiety']"
2436,"Yeah, y'know how I have you guys, well she doesnt really have any close friends that are just hers, but last week she meet this woman at the gym, Susan something, and they really hit it off, and I-I-I think its gonna make a difference",joy,positive,['Calm']
2437,Hey!,neutral,neutral,['Calm']
2438,Hi!,neutral,neutral,['Calm']
2439,What-what are-what are these?,surprise,negative,"['Urgency', 'Anxiety']"
2440,"Oh, just some pictures I made and hung up. I thought theyd brighten up the place. They do dont you think?",joy,positive,['Calm']
2441,"No-no-no, no!",fear,negative,"['Fear', 'Panic', 'Anxiety']"
2442,"Well, how-how come?",neutral,neutral,['Calm']
2443,Thats just the way it is.,neutral,neutral,['Calm']
2444,Thats crazy.,surprise,negative,"['Urgency', 'Anxiety']"
2445,"Maybe its crazy in a perfect world, a world without lab coats and blazers, but you not in a perfect world, you in a museum now.",neutral,neutral,['Calm']
2446,"See that scientist in the classes, he and I used to play together all the time in grade school, but now Peter!",neutral,neutral,['Calm']
2447,"Hey, Peter!",neutral,neutral,['Calm']
2448,Its me Rhonda!,neutral,neutral,['Calm']
2449,From PS-129!,neutral,neutral,['Calm']
2450,I shared my puddin which you man!,anger,negative,"['Aggression', 'Coercion']"
2451,I gave you my,neutral,neutral,['Calm']
2452,I-I think everybodys pretending they dont hear you.,neutral,neutral,['Calm']
2453,"Anyway, look, I dont know about you and your jackets and your separate tables, but Ross is one of my best friends, and if I save him a seat, Im telling you, he",neutral,neutral,['Calm']
2454,"Thats okay, Im cool over here. Ill catch up with you later, Joey.",neutral,neutral,['Calm']
2455,"Op, this is saved.  Gift shop.",neutral,neutral,['Calm']
2456,"Hows that coffee comin, dear?",neutral,neutral,['Calm']
2457,"Yeah, right away Mr. Kaplan.",neutral,neutral,['Calm']
2458,"Im not supposed to drink coffee, it makes me gassy.",neutral,neutral,['Calm']
2459,I know!,joy,positive,['Calm']
2460,"Ill bet your thinking, Whats an intelligent girl who wants to be in fashion, doing making coffee? Eh?",surprise,positive,"['Urgency', 'Anxiety']"
2461,Op.,neutral,neutral,['Calm']
2462,Eh.,joy,positive,['Calm']
2463,"Oh, you got me.",neutral,neutral,['Calm']
2464,"Well, dont think I havent noticed your potential.",neutral,neutral,['Calm']
2465,"Well, Ive got a project for you thats a lot more related to fashion.",neutral,neutral,['Calm']
2466,How does that sound?,neutral,neutral,['Calm']
2467,"Oh, that sounds great.",joy,positive,['Calm']
2468,"Come on over here, sweetheart.",neutral,neutral,['Calm']
2469,"Oh thank you so much Mr. Kaplan, thank you so much.",joy,positive,['Calm']
2470,"Well, I y'know, I was just, umm, I was just thinking and hoping, that umm, maybe youd want to get back together?",fear,negative,"['Fear', 'Panic', 'Anxiety']"
2471,No. But thanks.,neutral,neutral,['Calm']
2472,Aw come on Phoebe would you just think about it?,sadness,negative,"['Distress', 'Helplessness']"
2473,Okay. No. But thanks.,neutral,neutral,['Calm']
2474,"Okay, ah, see ya Pheebs.",neutral,neutral,['Calm']
2475,"Wow, that was kinda brutal.",surprise,negative,"['Urgency', 'Anxiety']"
2476,"Well okay, let this be a lesson to all of you, all right.",neutral,neutral,['Calm']
2477,"Once you, once you betray me, I become like the ice woman, yknow.",neutral,neutral,['Calm']
2478,"Very cold, hard, unyielding, y'know nothing,",neutral,neutral,['Calm']
2480,Wow.,surprise,positive,"['Urgency', 'Anxiety']"
2481,"I'm, I'm really sorry.",neutral,neutral,['Calm']
2482,"Yeah, I'm sorry too. But, I gotta tell you, I am a little relieved.",neutral,neutral,['Calm']
2483,Relieved?,surprise,positive,"['Urgency', 'Anxiety']"
2484,"Yeah, well, I had a great time with you.. I just can't stand your friends.",neutral,neutral,['Calm']
2486,"Oh my God! If you say that one more time,",anger,negative,"['Aggression', 'Coercion']"
2487,Fine!,anger,negative,"['Aggression', 'Coercion']"
2488,Fine!,anger,negative,"['Aggression', 'Coercion']"
2489,"But this break-up was not all my fault, and she, she says here,  If you accept full responsibility...  Full responsibility!",anger,negative,"['Aggression', 'Coercion']"
2490,...I can begin to trust you again.,anger,negative,"['Aggression', 'Coercion']"
2491,Does that seem like something you can do.,anger,negative,"['Aggression', 'Coercion']"
2492,Does it?!,anger,negative,"['Aggression', 'Coercion']"
2494,No?,surprise,negative,"['Urgency', 'Anxiety']"
2495,"Look, Ross, you have what you want, youre back with Rachel.",neutral,neutral,['Calm']
2496,If you bring this up now youre gonna wreck the best thing that even happened to you.,neutral,neutral,['Calm']
2497,"Yeah, I know.",sadness,negative,"['Distress', 'Helplessness']"
2498,"I mean, no, youre right.",sadness,negative,"['Distress', 'Helplessness']"
2499,Yeah I guess Ill let it go.,neutral,neutral,['Calm']
2500,But you-you understand how-how hard it is to forget about this.,sadness,negative,"['Distress', 'Helplessness']"
2501,"Sure, its hard to forget!",neutral,neutral,['Calm']
2502,But that doesnt mean you have to talk about it!,neutral,neutral,['Calm']
2503,"A lot of things happened on that trip that we should never,  ever talk about.",neutral,neutral,['Calm']
2504,What the hell happened on that beach?!,surprise,negative,"['Urgency', 'Anxiety']"
2505,"Its between us and the sea, Ross!",neutral,neutral,['Calm']
2506,I didnt think you were gay. I do now.,joy,positive,['Calm']
2507,"See my friend-my friend, Rachel, she wants to be set up.",neutral,neutral,['Calm']
2508,"Ahh, I just got out of a big relationship, Im not looking for any thing serious.",sadness,negative,"['Distress', 'Helplessness']"
2509,"Oh, yknow what, that might be okay even if it was just kind of a fling, that might be all right with Rachel.",neutral,neutral,['Calm']
2510,"Whoa-whoa-whoa-whoa! Is this, hot Rachel, that you took to the Christmas party, Rachel?",surprise,positive,"['Urgency', 'Anxiety']"
2511,"Oh, by the way, that is her full name.",neutral,neutral,['Calm']
2512,Oh wow! Im free for her!,joy,positive,['Calm']
2513,"Oh, wait a second! I didnt say I wasnt free!",surprise,positive,"['Urgency', 'Anxiety']"
2514,"Hey, Chandler, why dont we talk this over at the Ranger game tomorrow?",neutral,neutral,['Calm']
2515,"Hold on, yknow I",neutral,neutral,['Calm']
2516,"Oh well, thats uh, a little later than I uh, generally care to stay, but sure!",joy,positive,['Calm']
2517,"Maybe, before the game we could enjoy some eight year old some small batch Basel Hadens.",neutral,neutral,['Calm']
2518,"Well, I dont really know what that is, but",neutral,neutral,['Calm']
2519,"Monica, let's go. Come on now people, woman in labor.",neutral,neutral,['Calm']
2520,"Hey Ross, look what I've got going here.",neutral,neutral,['Calm']
2521,"Yeah, save it for the cab, okay.",disgust,negative,"['Aggression', 'Distress', 'Coercion']"
2522,What are you doing? We're going to a hospital.,surprise,negative,"['Urgency', 'Anxiety']"
2523,"What, so I can't lokk nice? There might be doctors there.",neutral,neutral,['Calm']
2524,"Joey, get out of the fridge.",anger,negative,"['Aggression', 'Coercion']"
2525,"All right, all right.",anger,negative,"['Aggression', 'Coercion']"
2526,What is that?,surprise,negative,"['Urgency', 'Anxiety']"
2527,For the ride.,neutral,neutral,['Calm']
2528,"Yeah, like in a cab...",neutral,neutral,['Calm']
2529,Save it.,neutral,neutral,['Calm']
2530,"Okay, hating this.",disgust,negative,"['Aggression', 'Distress', 'Coercion']"
2531,"Monica, come on now. Let's go, baby coming.",neutral,neutral,['Calm']
2532,"I can't belive it, I'm gonna be an aunt. I'm gonna have like a nephew.",joy,positive,['Calm']
2533,"That's nice. Get out Let's go, come on.",disgust,negative,"['Aggression', 'Distress', 'Coercion']"
2534,"All right, I'm going. I'm going.",anger,negative,"['Aggression', 'Coercion']"
2535,"Here we go, here we go.",neutral,neutral,['Calm']
2536,"Rossy, Rossy.",neutral,neutral,['Calm']
2537,WHAT IS IT?!,anger,negative,"['Aggression', 'Coercion']"
2538,"Okay, I-I d'know, you-you just- you have a quality.",joy,positive,['Calm']
2539,Yes. Absolutely. A quality.,neutral,neutral,['Calm']
2540,"Oh, oh, a quality, good, because I was worried you guys were gonna be vague about this.",neutral,neutral,['Calm']
2541,"Hello? Hello? Oh! Rachel, it's Paolo calling from Rome.",joy,positive,['Calm']
2542,Oh my God! Calling from Rome!,surprise,positive,"['Urgency', 'Anxiety']"
2543,So he's calling from Rome. I could do that. Just gotta go to Rome.,neutral,neutral,['Calm']
2544,"Monica, your dad just beeped in, but can you make it quick? Talking to Rome.  I'm talking to Rome.",joy,positive,['Calm']
2545,"Hey dad, what's up?  Oh God. Ross, it's Nana.",sadness,negative,"['Distress', 'Helplessness']"
2546,"So um, so what's up, you came to see me yesterday.",joy,positive,['Calm']
2547,"Oh, yeah, um, alright, I kinda need a divorce.",neutral,neutral,['Calm']
2548,"Oh, yeah, yeah, sure. We live in the building by the uh sidewalk.",neutral,neutral,['Calm']
2549,You know it?,surprise,negative,"['Urgency', 'Anxiety']"
2550,"Hey, look, since we're neighbors and all, what do you say we uh, get together for a drink?",neutral,neutral,['Calm']
2551,"Oh, sure, they love us over there.",neutral,neutral,['Calm']
2552,Ben! Ben! Ben!,joy,positive,['Calm']
2553,How about Joey... Pepponi?,neutral,neutral,['Calm']
2554,"No, still too ethnic. My agent thinks I should have a name that's more neutral.",neutral,neutral,['Calm']
2555,Joey... Switzerland?,neutral,neutral,['Calm']
2556,"Plus, y'know, I think it should be Joe.",neutral,neutral,['Calm']
2557,"Y'know, Joey makes me sound like I'm, I dunno, this big.",neutral,neutral,['Calm']
2558,Which I'm not.,neutral,neutral,['Calm']
2559,Joe...Joe...Joe...Stalin?,neutral,neutral,['Calm']
2560,Stalin...Stalin...do I know that name? It sounds familiar.,neutral,neutral,['Calm']
2561,"Well, it does not ring a bell with me...",neutral,neutral,['Calm']
2562,"Joe Stalin. Y'know, that's pretty good.",joy,positive,['Calm']
2563,Might wanna try Joseph.,neutral,neutral,['Calm']
2564,Joseph Stalin. I think you'd remember that!,joy,positive,['Calm']
2565,"Oh yes! Bye Bye Birdie, starring Joseph Stalin. Joseph Stalin is the Fiddler on the Roof.",joy,positive,['Calm']
2566,Are you kidding?,surprise,negative,"['Urgency', 'Anxiety']"
2567,"Okay, look.",neutral,neutral,['Calm']
2568,I-I studied evolution.,joy,positive,['Calm']
2569,"Remember, evolution?",joy,positive,['Calm']
2570,Monkey into man?,anger,negative,"['Aggression', 'Coercion']"
2571,"Plus, Im a doctor, and I had a monkey.",neutral,neutral,['Calm']
2572,Im Doctor Monkey!,anger,negative,"['Aggression', 'Coercion']"
2573,Im not arguing with that.,neutral,neutral,['Calm']
2574,"All right, Ive heard enough. Ive made my decision.",neutral,neutral,['Calm']
2575,You are both idiots.,disgust,negative,"['Aggression', 'Distress', 'Coercion']"
2576,"The joke is not funny, and its offensive to women, and doctors, and monkeys!",disgust,negative,"['Aggression', 'Distress', 'Coercion']"
2577,"You shouldnt be arguing over who gets credit, you should be arguing over who gets blamed for inflicting this horrible joke upon the world!",anger,negative,"['Aggression', 'Coercion']"
2578,Now let it go!,anger,negative,"['Aggression', 'Coercion']"
2579,The joke sucks!,anger,negative,"['Aggression', 'Coercion']"
2580,Its your joke.,neutral,neutral,['Calm']
2581,Is not.,anger,negative,"['Aggression', 'Coercion']"
2582,"Hey everybody, Rachel was so good today. She didn't gossip at all.",joy,positive,['Calm']
2583,I didnt!,joy,positive,['Calm']
2584,"Even when I found outumm, all right, well let's just say I found something out something about someone and let's just say she's gonna keep it.",neutral,neutral,['Calm']
2585,"Hey, Pheebs! Check-check this out.",joy,positive,['Calm']
2586,"Ooh, you nailed the Old Lady!",surprise,positive,"['Urgency', 'Anxiety']"
2587,"Yeah listen so, I thought I was getting better, so on my way home today I stopped by this guitar store and",neutral,neutral,['Calm']
2588,"Did you, did you",anger,negative,"['Aggression', 'Coercion']"
2589,No.,neutral,neutral,['Calm']
2590,Give me your hands.  Strings. Gimme it!  Pick. Do you want to learn to play guitar?,anger,negative,"['Aggression', 'Coercion']"
2591,Yes!,joy,positive,['Calm']
2592,Then don't touch one!!,anger,negative,"['Aggression', 'Coercion']"
2593,Really? You'd-you'd do that for me?!,surprise,positive,"['Urgency', 'Anxiety']"
2594,Yeah!,joy,positive,['Calm']
2595,Thanks!,joy,positive,['Calm']
2596,"All right, we'll start off slow. The only thing you have to do tonight is come up with the name of your main character.",neutral,neutral,['Calm']
2597,Done!,joy,positive,['Calm']
2598,And it can't be Joey.,neutral,neutral,['Calm']
2599,It's not.,neutral,neutral,['Calm']
2600,Or Joseph.,neutral,neutral,['Calm']
2601,Oh.,neutral,neutral,['Calm']
2602,Hi!,neutral,neutral,['Calm']
2603,"Hi! Hey, Pete youre back! Hey, check this out.",joy,positive,['Calm']
2604,Wow! Skates!,joy,positive,['Calm']
2605,Wow! Youre a lot sturdier that Chandler. He crumpled like a piece of paper. So how was youre trip?,surprise,positive,"['Urgency', 'Anxiety']"
2606,Well...,neutral,neutral,['Calm']
2607,"Oh, whatd ya bring me?!",joy,positive,['Calm']
2608,"Awww, hotel toiletries from Japan.",joy,positive,['Calm']
2609,"Oh, these are gonna go in my permanent collection.",joy,positive,['Calm']
2610,You want some coffee?,neutral,neutral,['Calm']
2611,"Yeah, sure, thatd be great.",neutral,neutral,['Calm']
2612,Regular or decaf?,neutral,neutral,['Calm']
2613,"Ah, which ever is closest.",neutral,neutral,['Calm']
2614,Okay.,neutral,neutral,['Calm']
2615,So ask me what I did today.,neutral,neutral,['Calm']
2616,So what did you do today Pete?,neutral,neutral,['Calm']
2617,I bought a restaurant and I would like you to be the head chef.,joy,positive,['Calm']
2618,What?! Oh.,surprise,negative,"['Urgency', 'Anxiety']"
2619,Hi.,neutral,neutral,['Calm']
2620,Hey.,neutral,neutral,['Calm']
2621,Where've you been?,neutral,neutral,['Calm']
2622,At the vet.,neutral,neutral,['Calm']
2623,"She's not gonna make you wear one of those big plastic cones, is she?",fear,negative,"['Fear', 'Panic', 'Anxiety']"
2624,She says Marcel's humping thing's not a phase. Apparently he's reached sexual maturity.,sadness,negative,"['Distress', 'Helplessness']"
2625,Hey! He beat ya.,joy,positive,['Calm']
2626,"She says as time goes on, he's gonna start getting agressive and violent.",sadness,negative,"['Distress', 'Helplessness']"
2627,So what does this mean?,neutral,neutral,['Calm']
2628,I'm gonna have to give him up.,sadness,negative,"['Distress', 'Helplessness']"
2629,Aww man! I cant believe I locked myself out again!,anger,negative,"['Aggression', 'Coercion']"
2630,Hang on buddy!,anger,negative,"['Aggression', 'Coercion']"
2631,Oh my God! What happened here? Did you do all this?,surprise,positive,"['Urgency', 'Anxiety']"
2632,I sure did.,neutral,neutral,['Calm']
2633,"But we haven't seen each other since then. Well I land in China, guess who's in charge of the dig.",surprise,positive,"['Urgency', 'Anxiety']"
2634,"Julie! Julie, isn't that great? I mean, isn't that just kick- you-in-the-crotch, spit-on-your-neck fantastic?",joy,positive,['Calm']
2635,May I come in?,neutral,neutral,['Calm']
2636,"Uh, yeah, if you want too.",neutral,neutral,['Calm']
2637,Do,neutral,neutral,['Calm']
2638,"Yeah, sure?",neutral,neutral,['Calm']
2639,So do I.,neutral,neutral,['Calm']
2640,"Okay Rach, before anything happens  I just want to lay down a couple of ground rules.",neutral,neutral,['Calm']
2641,This is just about tonight.,neutral,neutral,['Calm']
2642,"I don't to go through with this if it's going to raise the question of ""Us.""",neutral,neutral,['Calm']
2644,I just want this to be  about what it is!,joy,positive,['Calm']
2645,"And um, what-what is that Ross?",neutral,neutral,['Calm']
2646,The physical act of love.,joy,positive,['Calm']
2647,What?! Are you crazy?,surprise,negative,"['Urgency', 'Anxiety']"
2648,Oh so-so you weren't trying to entice me just now with your-your nakedness?,surprise,positive,"['Urgency', 'Anxiety']"
2649,"Oh God, you saw me?! Oh!",surprise,negative,"['Urgency', 'Anxiety']"
2650,You weren't trying to entice me with your nakedness.,joy,positive,['Calm']
2651,"Noo!! No! You thought, you actually thought I wanted to have sex with you?!",anger,negative,"['Aggression', 'Coercion']"
2652,No! No!  No!  No-no-no-no.,joy,positive,['Calm']
2657,Ah Joey.,neutral,neutral,['Calm']
2658,Joey Tribbiani.,neutral,neutral,['Calm']
2659,"Listen Joey, I got a problem, I just got a call from my dance captain, he's having a relationship crisis and can't get out of Long Island.",neutral,neutral,['Calm']
2660,"So, does that mean the audition is off?",sadness,negative,"['Distress', 'Helplessness']"
2661,"Listen Joey, seeing as you've got the most experience, I want you to take these dancers and show them the combination.",neutral,neutral,['Calm']
2662,What?!,surprise,negative,"['Urgency', 'Anxiety']"
2663,"Aw come on Joey, it's easy.",neutral,neutral,['Calm']
2664,"Y'know, it's hand, hand, head, head,  up, pas de bouree, pas de bouree, big turn here, grand sissone, sissone, sissone, slide back, step, step, step, and jazz hands!",neutral,neutral,['Calm']
2665,"It's ah, step-ity, step and jazz hands.",sadness,negative,"['Distress', 'Helplessness']"
2666,Have fun.,neutral,neutral,['Calm']
2667,Bye.,neutral,neutral,['Calm']
2668,Wow! Fortunately she has a,surprise,negative,"['Urgency', 'Anxiety']"
2669,"Oh, I so can't believe this! My uterus is an inhospitable environment? I was trying so hard to be a good hostess!",surprise,negative,"['Urgency', 'Anxiety']"
2670,"Oh, I can't believe my sperm have low motility because, let me tell you, when I was growing up they sure seem to be in a hurry to get places!",surprise,negative,"['Urgency', 'Anxiety']"
2672,Hi there.,neutral,neutral,['Calm']
2673,Hi.,neutral,neutral,['Calm']
2674,Hi.,neutral,neutral,['Calm']
2675,I'm sorry there wasn't better news from your test last week but I wanted to talk to you about your options.,neutral,neutral,['Calm']
2676,Ok.,neutral,neutral,['Calm']
2677,"Above all, even though your chances of conceiving through natural means aren't great, you never know!",neutral,neutral,['Calm']
2678,"So, keep having sex on a regular basis.",neutral,neutral,['Calm']
2679,"Oh, DAMN IT!",anger,negative,"['Aggression', 'Coercion']"
2680,"Don't worry, after a while he'll tune it out.",neutral,neutral,['Calm']
2681,"Ok, given your situation, the options with the greatest chances for success would be surrogacy, or insemination using a sperm donor.",neutral,neutral,['Calm']
2682,Ok.,neutral,neutral,['Calm']
2683,"Well, y'know, monogamy can be a, uh, tricky concept. I mean, anthropologically speaking-",neutral,neutral,['Calm']
2684,"Fine. Fine, alright, now you'll never know.",anger,negative,"['Aggression', 'Coercion']"
2685,"We're kidding. C'mon, tell us!",joy,positive,['Calm']
2686,Yeah! C'mon!,joy,positive,['Calm']
2687,"Alright. There's a theory, put forth by Richard Leakey-",neutral,neutral,['Calm']
2688,"Hi, is uh, is Carol here?",neutral,neutral,['Calm']
2689,"No, she's at a faculty meeting.",neutral,neutral,['Calm']
2690,"Oh, I uh, just came by to pick up my skull. Well, not mine, but...",neutral,neutral,['Calm']
2691,Come in.,neutral,neutral,['Calm']
2692,"Thanks. Yeah, Carol borrowed it for a class, and I have to get it back to the museum.",neutral,neutral,['Calm']
2693,What's it look like?,neutral,neutral,['Calm']
2694,Kinda like a big face without skin.,neutral,neutral,['Calm']
2695,"Yes, I'm familiar with the concept. We can just look for it.",neutral,neutral,['Calm']
2696,"Ok.  Wow, you guys sure have a lot of books about bein' a lesbian.",surprise,positive,"['Urgency', 'Anxiety']"
2697,"Well, you know, you have to take a course. Otherwise, they don't let you do it.",neutral,neutral,['Calm']
2698,"Hey, hey, Yertle the Turtle. A classic.",joy,positive,['Calm']
2699,"Actually, I'm reading it to the baby.",neutral,neutral,['Calm']
2700,"The uh, the baby that hasn't been born yet? Wouldn't that mean you're... crazy?",surprise,positive,"['Urgency', 'Anxiety']"
2701,"What, you don't think they can hear sounds in there?",joy,positive,['Calm']
2702,"You're not serious, I mean, you really... you really talk to it?",surprise,negative,"['Urgency', 'Anxiety']"
2703,I have no idea what you just said.,neutral,neutral,['Calm']
2704,Put Joey on the phone.,neutral,neutral,['Calm']
2705,What's up man?,neutral,neutral,['Calm']
2706,I'm trppd... in an ATM vstbl... wth,fear,negative,"['Fear', 'Panic', 'Anxiety']"
2707,"Oh my God! He's trapped in an ATM vestibule with Jill Goodacre!  Chandler, listen.",surprise,positive,"['Urgency', 'Anxiety']"
2708,"Yeah, like that thought never entered my mind.",neutral,neutral,['Calm']
2709,and that was all before 10 oclock.,neutral,neutral,['Calm']
2710,The caterer rang and said it was going to be Chicken Kiev instead of Chicken Tarragon.,neutral,neutral,['Calm']
2711,And then the florist phoned to say there arent any tulips.,neutral,neutral,['Calm']
2712,"Oh, and the chilliest has carpel-tunel syndrome.",neutral,neutral,['Calm']
2714,"Whoa-whoa-whoa! Emily,  honey, okay?",surprise,negative,"['Urgency', 'Anxiety']"
2715,"Well, up yours too!",anger,negative,"['Aggression', 'Coercion']"
2716,Wheres Chandler?,neutral,neutral,['Calm']
2717,"Ah, he cant make it, he said he had to his...  Whoa-oh!",surprise,negative,"['Urgency', 'Anxiety']"
2718,Joey? Joey Tribbiani?,neutral,neutral,['Calm']
2719,Joey I can see you okay? Youre hiding behind the coats.,neutral,neutral,['Calm']
2720,"Okay listen, just give me anything I can make two of.",neutral,neutral,['Calm']
2721,"Well, if you dont have anything to copy, why are you going down there?",neutral,neutral,['Calm']
2722,"Yeah, are you just going down there to gawk at that hot girl with the belly button ring again?",anger,negative,"['Aggression', 'Coercion']"
2723,Yeah! You wanna come?,joy,positive,['Calm']
2724,Yeah!,joy,positive,['Calm']
2725,Fine.,neutral,neutral,['Calm']
2726,Fine.,neutral,neutral,['Calm']
2728,Fine.,neutral,neutral,['Calm']
2729,All right. We're gonna go.  It's not for another six hours. We're gonna go then.,neutral,neutral,['Calm']
2730,Hey.,neutral,neutral,['Calm']
2731,Whats the matter?,sadness,negative,"['Distress', 'Helplessness']"
2732,Someone on the subway licked my neck! Licked my neck!!,disgust,negative,"['Aggression', 'Distress', 'Coercion']"
2733,Oh Willies still alive!,surprise,positive,"['Urgency', 'Anxiety']"
2734,What are you guys doing?,neutral,neutral,['Calm']
2735,"Oh, my mom called, theyre gonna run our engagement announcement in the local paper, so were looking for a good picture of us.",joy,positive,['Calm']
2736,"Oooh, Im afraid that does not exist.",neutral,neutral,['Calm']
2737,"Thats not true, there are great pictures of us!",surprise,positive,"['Urgency', 'Anxiety']"
2738,"No, there are great pictures of you standing next to a guy whos going like this",neutral,neutral,['Calm']
2739,Oh my God! Thats the creep that youre with at the,surprise,negative,"['Urgency', 'Anxiety']"
2740,"I dont know what it is, I just cant take a good picture.",sadness,negative,"['Distress', 'Helplessness']"
2741,"Oh, heres a great one.",joy,positive,['Calm']
2742,"Yeah, Im not in that.",neutral,neutral,['Calm']
2743,"I know, but look at me: all tan.",joy,positive,['Calm']
2744,"Hey, why dont you guys go get portraits done by a professional photographer.",neutral,neutral,['Calm']
2745,Thats a good idea! I bet they have one of those wind machines! Yknow,joy,positive,['Calm']
2746,"Yeah thats great! Next to that, Chandler wont look so stupid.",neutral,neutral,['Calm']
2747,Chandler what do you say?,neutral,neutral,['Calm']
2748,"All right, but I should warn you, Im not going. Im going.",neutral,neutral,['Calm']
2749,Gimme them!,anger,negative,"['Aggression', 'Coercion']"
2750,No! They are mine!,anger,negative,"['Aggression', 'Coercion']"
2751,You stole them from me!,anger,negative,"['Aggression', 'Coercion']"
2752,You stole them from me!!,anger,negative,"['Aggression', 'Coercion']"
2753,Gimme them!,anger,negative,"['Aggression', 'Coercion']"
2754,You just wanna each take one?,neutral,neutral,['Calm']
2755,Yeah that seems fair. We never use them.,neutral,neutral,['Calm']
2756,"Look, I really need some help, okay? Why? Why did I have to speak in a British accent?! What do I do?",anger,negative,"['Aggression', 'Coercion']"
2757,Well,neutral,neutral,['Calm']
2758,Why don’t you phase it out?,neutral,neutral,['Calm']
2759,"Yeah, fade the accent out and people will think you’re, y’know, that you’re adjusting to life in America.",anger,negative,"['Aggression', 'Coercion']"
2760,"Yeah, I mean, come on Ross, no one will even notice. I mean they’re probably not even listening!",neutral,neutral,['Calm']
2761,They’re not listening too me?,surprise,negative,"['Urgency', 'Anxiety']"
2762,Of course they’re listening to you! Everybody listens to you.,neutral,neutral,['Calm']
2763,Monica you really think I should try this phasing out thing?,neutral,neutral,['Calm']
2764,I think you look fine.,neutral,neutral,['Calm']
